anstream	anstream	0.6.21	43d5b281e737544384e969a5ccad3f1cdd24b48086a0fc1b2a5262a26b8f4f4a
anstyle	anstyle	1.0.14	940b3a0ca603d1eade50a4846a2afffd5ef57a9feac2c0e2ec2e14f9ead76000
anstyle-parse	anstyle-parse	0.2.7	4e7644824f0aa2c7b9384579234ef10eb7efb6a0deb83f9630a49594dd9c15c2
anstyle-query	anstyle-query	1.1.5	40c48f72fd53cd289104fc64099abca73db4166ad86ea0b4341abe65af83dadc
anstyle-wincon	anstyle-wincon	3.0.11	291e6a250ff86cd4a820112fb8898808a366d8f9f58ce16d1f538353ad55747d
atomic-waker	atomic-waker	1.1.2	1505bd5d3d116872e7271a6d4e16d81d0c8570876c8de68093a09ac269d8aac0
base64	base64	0.23.1	ac07cdecf99051d9a5238b80f35af32cdeba5b336e55d957b318b50137e18da5
base64-0.22.1	base64	0.22.1	72b3254f16251a8381aa12e40e3c4d2f0199f8c6508fbecb9d91f575e0fbb8c6
bitflags	bitflags	2.13.2	3ded4057c258ba199e2d26386d3af3780957ecaee6c4ef4041c6b4b8b97c0b06
bumpalo	bumpalo	3.20.3	72f5acc6cb2ba439de613abc23857ec3d78374d8ed5ac84e9d11336e87da8649
bytes	bytes	1.12.1	fc652a48c352aef3ea3aed32080501cf3ef6ed5da78602a020c991775b0aff04
cc	cc	1.6.0	f74872d07caf508b30a21f6836e7d7016a2eaf7d9ff4f48deaa58cd8a0407630
cfg-if	cfg-if	1.0.5	4e7648175b45a9a48536d676f68d918270699102aa8dab5496df06904c914600
cfg_aliases	cfg_aliases	0.2.2	f079e83a288787bcd14a6aea84cee5c87a67c5a3e660c30f557a3d24761b3527
chacha20	chacha20	0.10.2	65c35e4b699c7e15ccbe7ee35c005e4fc0a278d22238a2857e6ce2dadeda1b06
clap	clap	4.5.53	c9e340e012a1bf4935f5282ed1436d1489548e8f72308207ea5df0e23d2d03f8
clap_builder	clap_builder	4.5.53	d76b5d13eaa18c901fd2f7fca939fefe3a0727a953561fefdf3b2922b8569d00
clap_derive	clap_derive	4.5.49	2a0b5487afeab2deb2ff4e03a807ad1a03ac532ff5a2cee5d86884440c7f7671
clap_lex	clap_lex	0.7.7	c3e64b0cc0439b12df2fa678eae89a1c56a529fd067a9115f7827f1fffd22b32
colorchoice	colorchoice	1.0.5	1d07550c9036bf2ae0c684c4297d503f838287c83c53686d05370d0e139ae570
cpufeatures	cpufeatures	0.3.1	5ca28b0ae3115b884660db4118d803791fd6756b6e88f39c0f3f7859060d7566
displaydoc	displaydoc	0.2.7	c6232dd377dcc64799954cbd3a9bb882e9cdc1308ccd87b1c098f1fb2eaf82a8
errno	errno	0.3.14	39cab71617ae0d63f51a36d69f866391735b51691dbda63cf6f96d042b63efeb
fastrand	fastrand	2.5.0	da7c62ceae207dd37ea5b845da6a0696c799f85e97da1ab5b7910be3c1c80223
find-msvc-tools	find-msvc-tools	0.1.14	aedcfb3409746eddb02b9e19ebda1c3394f759a152e48ee875a0844d1b955484
form_urlencoded	form_urlencoded	1.2.2	cb4cb245038516f5f85277875cdaa4f7d2c9a0fa0468de06ed190163b1581fcf
futures-channel	futures-channel	0.3.34	b1f9e3d69d39e4862ffed03ed071a76f9a13ba1d9109d355b0f0aa6b15e393c4
futures-core	futures-core	0.3.34	92d699e522242e69e3003b94ecc1f960f3a5e015aa7c5d7486e65ad01dd94f5e
futures-io	futures-io	0.3.34	53c0fa8157de1303bfffdaa1cc2a673bfffb60102f76b0ef4441659124373fed
futures-macro	futures-macro	0.3.34	9fb9654ba8355388abeb8dcb4fc62f511300867002afc858860463bdd9fe0c44
futures-sink	futures-sink	0.3.34	1944426bf7d03f1d14f708785e4b33efd750b36d48a157b836b3efc15ede8e1d
futures-task	futures-task	0.3.34	cd417de3d1d015fc3bfd2b1ea46dfc7bab72ef86f1cc7cc9c78e728b34a6d1fd
futures-util	futures-util	0.3.34	0d50a92467f8ba5dd6e3ee5d4bd04d73ab2e4e1c44474a0674821dfce14b79bc
getrandom	getrandom	0.4.3	300e883d756b2e4ec94e02791f39b04b522276138852cfc41d9fb7e904106099
getrandom-0.2.17	getrandom	0.2.17	ff2abc00be7fca6ebc474524697ae276ad847ad0a6b3faa4bcb027e9a4614ad0
getrandom-0.3.4	getrandom	0.3.4	899def5c37c4fd7b2664648c28120ecec138e4d395b459e5ca34f9cce2dd77fd
heck	heck	0.5.0	2304e00983f87ffb38b55b444b5e3b60a884b5d30c0fca7d82fe33449bbe55ea
http	http	1.5.0	918d3568bebf352712bc2ef3d46a8bcf1a75b373be6539de198e9105cbbf9ce0
http-body	http-body	1.1.0	ca2a8f2913ee65f60facd6a5905613afaa448497a0230cc41ce022d93290bc2c
http-body-util	http-body-util	0.1.5	23169fe34a5fbcdd3f3862e78fb9b6fccd5f02a6dc6f732547005d45631ce71c
httparse	httparse	1.10.1	6dbf3de79e51f3d586ab4cb9d5c3e2c14aa28ed23d180cf89b4df0454a69cc87
hyper	hyper	1.11.1	27b501faa50e7a26c3d3560ca625132f4078a17771f4810baf70475ae48cbe43
hyper-rustls	hyper-rustls	0.27.10	dfa8e654703247911e29c23fbeaa261834bd9bb74efba2f9acddc37bfb127f53
hyper-util	hyper-util	0.1.21	ddc03d96684f9226b8a787cdb71488417b53ab5ea8fdb1dac946cb9431cc8bff
icu_collections	icu_collections	2.3.0	fa68d21081c4a05d5a901a1c62add574c77048b6a1c67be3b50ce0b60d4ca513
icu_locale_core	icu_locale_core	2.3.0	d56e28588da92eee5c3201a6eff33fabdd49b62269c8938d4ff050ce4d900deb
icu_normalizer	icu_normalizer	2.3.0	12f9cf5f235641ed274641dd81c3f28d870e276763d0797aeeab72317b1c646f
icu_normalizer_data	icu_normalizer_data	2.3.0	1563da1ed3e0b3bf3d74c9b85917ac9c56464d2f57242270c09c9e752f8021a0
icu_properties	icu_properties	2.3.0	7e7ca276ad3145661a65914e6daf131ca5120cd3dcee8f8f3214b8875184a148
icu_properties_data	icu_properties_data	2.3.0	e590f038c1464a96894fd6d10127e90a8be4509f56ff7ecef851b15cee0b7caa
icu_provider	icu_provider	2.3.1	d27bbb9d3abbefac45d55f647c9de1d44aafcd1186eb91879afef17c396c3e73
idna	idna	1.1.0	3b0875f23caa03898994f6ddc501886a45c7d3d62d04d2d90788d47be1b1e4de
idna_adapter	idna_adapter	1.2.2	cb68373c0d6620ef8105e855e7745e18b0d00d3bdb07fb532e434244cdb9a714
ipnet	ipnet	2.12.2	791930b43c0d5973160d90a8f3894509f2b273430f5c5c73b668636d0287c5c0
is_terminal_polyfill	is_terminal_polyfill	1.70.2	a6cb138bb79a146c1bd460005623e142ef0181e3d0219cb493e02f7d08a35695
itoa	itoa	1.0.18	8f42a60cbdf9a97f5d2305f08a87dc4e09308d1276d28c869c684d7777685682
js-sys	js-sys	0.3.106	7883d941dae510fb2d978fc3fe018c71c9e2892fd38854de3e8b92c2e5ad9cc5
libc	libc	0.2.177	2874a2af47a2325c2001a6e6fad9b16a53b802102b528163885171cf92b15976
linux-raw-sys	linux-raw-sys	0.11.0	df1d3c3b53da64cf5760482273a98e575c651a67eec7f77df96b5b642de8f039
litemap	litemap	0.8.3	47d9d19d1d6efa0109d2f65ff4c85cddd50bd572e5a00127ab10987290bcefae
log	log	0.4.34	f9f8bd3e56ce4dfc153cf470fffbfa98c7620958b312ca5c3a4b8d5181fd13c6
lru-slab	lru-slab	0.1.3	4050469837a6ff301cd14c1f8f24f88549e6d548f24f64e2148eb0f72cebc51f
memchr	memchr	2.8.3	cf8baf1c55e62ffcace7a9f06f4bd9cd3f0c4beb022d3b367256b91b87513d98
mio	mio	1.1.0	69d83b0086dc8ecf3ce9ae2874b2d1290252e2a30720bea58a5c6639b0092873
once_cell	once_cell	1.21.4	9f7c3e4beb33f85d45ae3e3a1792185706c8e16d043238c593331cc7cd313b50
once_cell_polyfill	once_cell_polyfill	1.70.2	384b8ab6d37215f3c5301a95a4accb5d64aa607f1fcb26a11b5303878451b4fe
percent-encoding	percent-encoding	2.3.2	9b4f627cb1b25917193a259e49bdad08f671f8d9708acfd5fe0a8c1455d87220
pin-project-lite	pin-project-lite	0.2.17	a89322df9ebe1c1578d689c92318e070967d1042b512afbe49518723f4e6d5cd
potential_utf	potential_utf	0.1.6	d83eb9bc6d8e5cf568e7a1101d60ee05e81ed50ea106026f3d18deeb046d7661
proc-macro2	proc-macro2	1.0.107	985e7ec9bb745e6ce6535b544d84d6cd6f7ad8bd711c398938ae983b91a766d9
quinn	quinn	0.11.12	4051e23e9185c255a7e33ef59cdbca87a22d359052eecd22fc6b901fb37d9d11
quinn-proto	quinn-proto	0.11.19	0e750cca55fe4f0439a15d0bb529da9651e79993e8e72c61a899a36d462befbe
quinn-udp	quinn-udp	0.5.16	af66907df18639dcf4db56ca65490cabc4b27a97dbadd96f2926cca73298f016
quote	quote	1.0.47	1fbf4db142a473a8d80c26bbf18454ed458bf8d26c8219c331daecfdbd079001
r-efi	r-efi	6.0.0	f8dcc9c7d52a811697d2151c701e0d08956f92b0e24136cf4cf27b57a6a0d9bf
r-efi-5.3.0	r-efi	5.3.0	69cdb34c158ceb288df11e18b4bd39de994f6657d83847bdffdbd7f346754b0f
rand	rand	0.10.3	65c9fb96cbc91e3478eaae79a69fcd3f1ae4ad052e471fe6732fff548984b4af
rand_core	rand_core	0.10.1	63b8176103e19a2643978565ca18b50549f6101881c443590420e4dc998a3c69
rand_pcg	rand_pcg	0.10.2	caa0f4137e1c0a72f4c651489402276c8e8e1cf081f3b0ba156d2cbeef09e86a
reqwest	reqwest	0.12.24	9d0946410b9f7b082a427e4ef5c8ff541a88b357bc6c637c40db3a68ac70a36f
ring	ring	0.17.14	a4689e6c2294d81e88dc6261c768b63bc4fcdb852be6d1352498b114f61383b7
rustc-hash	rustc-hash	2.1.3	6b1e7f9a428571be2dc5bc0505c13fb6bf936822b894ec87abf8a08a4e51742d
rustix	rustix	1.1.3	146c9e247ccc180c1f61615433868c99f3de3ae256a30a43b49f67c2d9171f34
rustls	rustls	0.23.45	0d41d731c7d2f962d1ccc364cec258de3c0e93b38c2fb3ba97ac74513048d634
rustls-pki-types	rustls-pki-types	1.15.1	2f4925028c7eb5d1fcdaf196971378ed9d2c1c4efc7dc5d011256f76c99c0a96
rustls-webpki	rustls-webpki	0.103.15	f3c3cf1d8b1e7d4927e2d154c3fcb02979afb9939629c62cd9048d4f07b60ac2
rustversion	rustversion	1.0.23	cf54715a573b99ac80df0bc206da022bcd442c974952c7b9720069370852e21f
ryu	ryu	1.0.23	9774ba4a74de5f7b1c1451ed6cd5285a32eddb5cccb8cc655a4e50009e06477f
serde	serde	1.0.228	9a8e94ea7f378bd32cbbd37198a4a91436180c5bb472411e48b5ec2e2124ae9e
serde_core	serde_core	1.0.228	41d385c7d4ca58e59fc732af25c3983b67ac852c1a25000afe1175de458b67ad
serde_derive	serde_derive	1.0.228	d540f220d3187173da220f885ab66608367b6574e925011a9353e4badda91d79
serde_json	serde_json	1.0.145	402a6f66d8c709116cf22f558eab210f5a50187f702eb4d7e5ef38d9a7f1c79c
serde_urlencoded	serde_urlencoded	0.7.1	d3491c14715ca2294c4d6a88f15e84739788c1d030eed8c110436aafdaa2f3fd
shlex	shlex	2.0.1	f8fadd59c855ef2080decdef8ff161eb6661b86933c9d82e5ba29dc602a55aba
signal-hook-registry	signal-hook-registry	1.4.8	c4db69cba1110affc0e9f7bcd48bbf87b3f4fc7c61fc9155afd4c469eb3d6c1b
slab	slab	0.4.12	0c790de23124f9ab44544d7ac05d60440adc586479ce501c1d6d7da3cd8c9cf5
smallvec	smallvec	1.16.2	f9395f0f0eee849a9b707b2f06bb92a6a422090e2123bb2ef8e87a0e61892a8e
socket2	socket2	0.6.5	c3d1e2c7f27f8d4cb10542a02c49005dbd6e93095799d6f3be745fae9f8fedd4
stable_deref_trait	stable_deref_trait	1.2.1	6ce2be8dc25455e1f91df71bfa12ad37d7af1092ae736f3a6cd0e37bc7810596
strsim	strsim	0.11.1	7da8b5736845d9f2fcb837ea5d9e2628564b3b043a70948a3f0b778838c5fb4f
subtle	subtle	2.6.1	13c2bddecc57b384dee18652358fb23172facb8a2c51ccc10d74c157bdea3292
syn	syn	3.0.6	8593e8e72159ed2257d083c7a454a85cbf854f37a0966d8d483aff8c8a3ebcee
syn-2.0.119	syn	2.0.119	872831b642d1a07999a962a351ed35b955ea2cfc8f3862091e2a240a84f17297
sync_wrapper	sync_wrapper	1.0.2	0bf256ce5efdfa370213c1dabab5935a12e49f2c58d15e9eac2870d3b4f27263
synstructure	synstructure	0.14.0	901704edd0dfe137f1987838ee4f259e4e063c31371bdb423f7ae38ec6f77f02
tempfile	tempfile	3.23.0	2d31c77bdf42a745371d260a26ca7163f1e0924b64afa0b688e61b5a9fa02f16
thiserror	thiserror	2.0.21	09e52cb86a36cede5cb101bf8908837b3e4c6e5e59fe7fd85c23fb56200d189e
thiserror-impl	thiserror-impl	2.0.21	fe5197923287db20a58125f0bc85c062f7f2c892de97b18c356f9efb14b28524
tinystr	tinystr	0.8.4	b1e27c91459209c2986af3dcf603a5a74a4368754ce37414f59acc971167f643
tinyvec	tinyvec	1.13.3	fd3ca314f692efd6c868f8408f53fe444634a845f96c028b97d35f6a1f79f0ee
tokio	tokio	1.48.0	ff360e02eab121e0bc37a2d3b4d4dc622e6eda3a8e5253d5435ecf5bd4c68408
tokio-macros	tokio-macros	2.6.1	5c55a2eff8b69ce66c84f85e1da1c233edc36ceb85a2058d11b0d6a3c7e7569c
tokio-rustls	tokio-rustls	0.26.6	c9cc2678c2cdd569ef8215e2afd7954ada2ae20b4fdd2c5fe6139a3b02d105db
tokio-util	tokio-util	0.7.19	494815d09bf52b5548659851081238f0ca39ff638363907596da739561c62c52
tower	tower	0.5.3	ebe5ef63511595f1344e2d5cfa636d973292adc0eec1f0ad45fae9f0851ab1d4
tower-http	tower-http	0.6.11	4cfcf7e2740e6fc6d4d688b4ef00650406bb94adf4731e43c096c3a19fe40840
tower-layer	tower-layer	0.3.3	121c2a6cda46980bb0fcd1647ffaf6cd3fc79a013de288782836f6df9c48780e
tower-service	tower-service	0.3.3	8df9b6e13f2d32c91b9bd719c00d1958837bc7dec474d94952798cc8e69eeec3
tracing	tracing	0.1.44	63e71662fa4b2a2c3a26f570f037eb95bb1f85397f3cd8076caed2f026a6d100
tracing-core	tracing-core	0.1.36	db97caf9d906fbde555dd62fa95ddba9eecfd14cb388e4f491a66d74cd5fb79a
try-lock	try-lock	0.2.5	e421abadd41a4225275504ea4d6566923418b7f05506fbc9c0fe86ba7396114b
unicode-ident	unicode-ident	1.0.26	d245f478577f809a851594d02313b640fb437e0bb33866753cff937863096954
untrusted	untrusted	0.9.0	8ecb6da28b8a351d773b68d5825ac39017e680750f980f3a1a85cd8dd28a47c1
url	url	2.5.8	ff67a8a4397373c3ef660812acab3268222035010ab8680ec4215f38ba3d0eed
utf8_iter	utf8_iter	1.0.4	b6c140620e7ffbb22c2dee59cafe6084a59b5ffc27a8859a5f0d494b5d52b6be
utf8parse	utf8parse	0.2.2	06abde3611657adf66d383f00b093d7faecc7fa57071cce2578660c9f1010821
want	want	0.3.1	bfa7760aed19e106de2c7c0b581b509f2f25d3dacaf737cb82ac61bc6d760b0e
wasi	wasi	0.11.1+wasi-snapshot-preview1	ccf3ec651a847eb01de73ccad15eb7d99f80485de043efb2f370cd654f4ea44b
wasip2	wasip2	1.0.4+wasi-0.2.12	b67efb37e106e55ce722a510d6b5f9c17f083e5fc79afc2badeb12cc313d9487
wasm-bindgen	wasm-bindgen	0.2.129	9bb54f33acc68fd454578d9820b0bde1a1a3d17aa17bb7b6595806d02886d409
wasm-bindgen-futures	wasm-bindgen-futures	0.4.79	3cbab34de2d982e9b48e18d216d04c4a6f641066ff19ffb699980f591ee3610e
wasm-bindgen-macro	wasm-bindgen-macro	0.2.129	2e29d0c35b16e224a7eeb5cd2d25e3e1968fbd65604117b44d3b789d00ee8535
wasm-bindgen-macro-support	wasm-bindgen-macro-support	0.2.129	6f501a8bc3719dba86ef8ae4728879c08001bea749eb1333ac5b91e040e2a6b7
wasm-bindgen-shared	wasm-bindgen-shared	0.2.129	23f0c9c52aa7cd7d77769a4cfe2a9adb1b331f489a41d912ce14513d5ab995c6
wasm-streams	wasm-streams	0.4.2	15053d8d85c7eccdbefef60f06769760a563c7f0a9d6902a13d35c7800b0ad65
web-sys	web-sys	0.3.106	88261b9deccee56594c11a3460c462c41f58d148598fe70ad77070126a68aba4
web-time	web-time	1.1.0	5a6580f308b1fad9207618087a65c04e7a10bc77e02c8e84e9b00dd4b12fa0bb
webpki-roots	webpki-roots	1.0.9	7dcd9d09a39985f5344844e66b0c530a33843579125f23e21e9f0f220850f22a
windows-link	windows-link	0.2.1	f0805222e57f7521d6a62e36fa9163bc891acd422f971defe97d64e70d0a4fe5
windows-sys	windows-sys	0.61.2	ae137229bcbd6cdf0f7b80a31df61766145077ddf49416a728b02cb3921ff3fc
windows-sys-0.52.0	windows-sys	0.52.0	282be5f36a8ce781fad8c8ae18fa3f9beff57ec1b52cb3de0789201425d9a33d
windows-targets	windows-targets	0.52.6	9b724f72796e036ab90c1021d4780d4d3d648aca59e491e6b98e725b84e99973
windows_aarch64_gnullvm	windows_aarch64_gnullvm	0.52.6	32a4622180e7a0ec044bb555404c800bc9fd9ec262ec147edd5989ccd0c02cd3
windows_aarch64_msvc	windows_aarch64_msvc	0.52.6	09ec2a7bb152e2252b53fa7803150007879548bc709c039df7627cabbd05d469
windows_i686_gnu	windows_i686_gnu	0.52.6	8e9b5ad5ab802e97eb8e295ac6720e509ee4c243f69d781394014ebfe8bbfa0b
windows_i686_gnullvm	windows_i686_gnullvm	0.52.6	0eee52d38c090b3caa76c563b86c3a4bd71ef1a819287c19d586d7334ae8ed66
windows_i686_msvc	windows_i686_msvc	0.52.6	240948bc05c5e7c6dabba28bf89d89ffce3e303022809e73deaefe4f6ec56c66
windows_x86_64_gnu	windows_x86_64_gnu	0.52.6	147a5c80aabfbf0c7d901cb5895d1de30ef2907eb21fbbab29ca94c5b08b1a78
windows_x86_64_gnullvm	windows_x86_64_gnullvm	0.52.6	24d5b23dc417412679681396f2b49f3de8c1473deb516bd34410872eff51ed0d
windows_x86_64_msvc	windows_x86_64_msvc	0.52.6	589f6da84c646204747d1270a2a5661ea66ed1cced2631d546fdfb155959f9ec
wit-bindgen	wit-bindgen	0.57.1	1ebf944e87a7c253233ad6766e082e3cd714b5d03812acc24c318f549614536e
writeable	writeable	0.6.4	3ad82d2a33cdc9674dc7465672f271e096168fcdbe0f799d9e6db8c5892679dc
yoke	yoke	0.8.3	709fe23a0424b6a435d82152b1bd3fdfb0833487d5fa90d05d42762a9891fef5
yoke-derive	yoke-derive	0.8.4	ec8ebde2db3681e8c9980cc27822030e68752690ddfa9473e739aeb4dbde6d71
zerofrom	zerofrom	0.1.8	0ec05a11813ea801ff6d75110ad09cd0824ddba17dfe17128ea0d5f68e6c5272
zerofrom-derive	zerofrom-derive	0.1.8	f75b4683f6c7f45248d4d64056a24298c6281e0993356d7d1b4a1a962ef10d4a
zeroize	zeroize	1.9.0	e13c156562582aa81c60cb29407084cdb54c4164760106ab78e6c5b0858cf64e
zerotrie	zerotrie	0.2.5	4ea269c3bd32f0a32c321907a2ae912ba6f4649bb0fc764a15627e99a7095a3f
zerovec	zerovec	0.11.8	bb0464e17806c1d976d5cba29399c7f08e516e279e2ba493f63123b5fca67dd8
zerovec-derive	zerovec-derive	0.11.6	34df6fc39dbd26ddc9c10e6a2984476e13acce22e64e4487636ef494369225da
