T+10m	rust	14/144	snapshot@02:39:53
T+10m	ex	0/144	snapshot@02:39:53
T+10m	ts	10/144	snapshot@02:39:53
T+10m	go	37/144	snapshot@02:39:53
T+20m	rust	20/144	snapshot@02:49:53
T+20m	ex	0/144	snapshot@02:49:53
T+20m	ts	32/144	snapshot@02:49:53
T+20m	go	42/144	snapshot@02:49:53
T+30m	rust	22/144	snapshot@02:59:53
T+30m	ts	38/144	snapshot@02:59:53
T+30m	go	43/144	snapshot@02:59:53
T+30m	ex	31/144	snapshot@02:59:53
T+40m	ts	40/144	snapshot@03:09:53
T+40m	go	41/144	snapshot@03:09:53
T+40m	rust	45/144	snapshot@03:09:53
T+40m	ex	30/144	snapshot@03:09:53
T+50m	ts	51/144	snapshot@03:19:53
T+50m	go	47/144	snapshot@03:19:53
T+50m	ex	30/144	snapshot@03:19:53
T+50m	rust	49/144	snapshot@03:19:53
FINAL	ts	60/144	snapshot@03:29:53
FINAL	rust	51/144	snapshot@03:29:53
FINAL	go	64/144	snapshot@03:29:53
FINAL	ex	31/144	snapshot@03:29:53
