T+10m	ts	40/144	snapshot@06:41:19	
T+10m	rust	29/144	snapshot@06:41:19	
T+10m	go	52/144	snapshot@06:41:19	
T+10m	gleam	35/144	snapshot@06:41:19	
T+10m	ex	1/144	snapshot@06:41:19	
T+20m	ts	46/144	snapshot@06:51:18	
T+20m	go	75/144	snapshot@06:51:18	
T+20m	rust	53/144	snapshot@06:51:18	
T+20m	gleam	53/144	snapshot@06:51:18	
T+20m	ex	56/144	snapshot@06:51:18	
T+30m	ts	53/144	snapshot@07:01:19	
T+30m	rust	63/144	snapshot@07:01:19	
T+30m	go	70/144	snapshot@07:01:19	
T+30m	gleam	61/144	snapshot@07:01:19	
T+40m	ts	55/144	snapshot@07:11:21	
T+40m	rust	73/144	snapshot@07:11:21	
T+40m	go	78/144	snapshot@07:11:21	
T+40m	gleam	73/144	snapshot@07:11:21	
T+30m	ex	56/144	snapshot@07:01:19	
T+50m	ts	57/144	snapshot@07:21:21	
T+50m	rust	79/144	snapshot@07:21:21	
T+50m	go	83/144	snapshot@07:21:21	
T+50m	gleam	79/144	snapshot@07:21:21	
T+40m	ex	53/144	snapshot@07:11:21	
T+50m	ex	57/144	snapshot@07:21:21	
FINAL	ts	57/144	snapshot@07:31:19	
FINAL	go	85/144	snapshot@07:31:19	
FINAL	gleam	79/144	snapshot@07:31:19	
FINAL	rust	75/144	snapshot@07:31:19	
FINAL	ex	85/144	snapshot@07:31:19	
