task,language,model,effort,rep,full_pass,hidden_passed,hidden_total,timeout,gate_failure,notes
c4-1,go,gpt-6-luna,medium,1,false,26,29,false,false,
c4-1,rust,gpt-6-luna,medium,1,false,18,29,false,false,
c4-1,ts-bun,gpt-6-luna,medium,1,false,27,29,false,false,
c4-3,go,gpt-6-luna,medium,1,false,18,28,false,false,
c4-3,rust,gpt-6-luna,medium,1,false,18,28,false,false,
c4-3,ts-bun,gpt-6-luna,medium,1,false,7,28,false,false,
c4-4,go,gpt-6-luna,medium,1,false,27,30,false,false,
c4-4,rust,gpt-6-luna,medium,1,true,30,30,false,false,
c4-4,ts-bun,gpt-6-luna,medium,1,false,,,false,true,"tests did not run"
