cli-10	fail
cli-15	fail
cli-18	fail
cli-19	fail
cli-20	fail
cli-22	fail
cli-23	fail
cli-28	fail
cli-29	fail
cli-30	fail
state-01	fail
state-04	fail
state-05	fail
state-07	fail
state-08	fail
state-09	fail
state-10	fail
state-13	fail
state-16	fail
state-17	fail
state-18	fail
state-19	fail
state-21	fail
state-24	fail
state-25	fail
state-28	fail
state-29	fail
state-30	fail
approval-01	fail
approval-02	fail
approval-03	fail
approval-04	fail
approval-05	fail
approval-06	fail
approval-07	fail
approval-08	fail
approval-09	fail
approval-10	fail
approval-11	fail
approval-12	fail
approval-13	fail
approval-14	fail
approval-15	fail
approval-16	fail
approval-17	fail
approval-19	fail
approval-20	fail
approval-21	fail
approval-22	fail
approval-23	fail
approval-24	fail
shape-01	fail
shape-03	fail
shape-04	fail
shape-05	fail
shape-06	fail
shape-07	fail
shape-08	fail
shape-09	fail
shape-10	fail
shape-11	fail
shape-15	fail
shape-16	fail
shape-17	fail
shape-18	fail
shape-21	fail
shape-23	fail
shape-24	fail
shape-25	fail
build-01	fail
build-32	fail
build-35	fail
build-36	fail
build-37	fail
build-38	fail
build-39	fail
build-40	fail
build-41	fail
build-42	fail
provider-19	fail
provider-24	fail
provider-26	fail
custody-01	fail
custody-02	fail
custody-03	fail
custody-04	fail
custody-05	fail
format-02	fail
format-03	fail
format-04	fail
format-06	fail
format-07	fail
format-08	fail
format-09	fail
exunit-01	fail
exunit-02	fail
exunit-03	fail
exunit-04	fail
exunit-05	fail
exunit-06	fail
v1.2-01-fixed-cli-help-and-grok	fail
v1.2-02-approval-hash-intent-and-test-bytes	fail
v1.2-04-cache-key-session-headers	fail
v1.2-05-missing-usage	fail
v1.2-06-crash-after-base-cas	fail
v1.2-07-cli-03-unknown-command	fail
v1.2-08-cli-04-unknown-subcommand	fail
v1.2-09-cli-05-unknown-option	fail
v1.2-10-cli-06-missing-positionals	fail
v1.2-100-ladder-32	fail
v1.2-101-ladder-33	fail
v1.2-102-ladder-34	fail
v1.2-103-ladder-35	fail
v1.2-104-provider-01	fail
v1.2-106-provider-03	fail
v1.2-107-provider-04	fail
v1.2-108-provider-06	fail
v1.2-109-provider-07	fail
v1.2-11-cli-07-unexpected-argument	fail
v1.2-110-provider-08	fail
v1.2-111-provider-09	fail
v1.2-112-provider-11	fail
v1.2-113-provider-12	fail
v1.2-114-provider-14	fail
v1.2-115-provider-17	fail
v1.2-116-provider-18	fail
v1.2-117-provider-20	fail
v1.2-118-provider-25	fail
v1.2-119-custody-06	fail
v1.2-12-cli-08-option-needs-value	fail
v1.2-120-custody-07	fail
v1.2-121-custody-08	fail
v1.2-122-custody-09	fail
v1.2-123-custody-10	fail
v1.2-124-build-31	fail
v1.2-125-ladder-36	fail
v1.2-126-state-15	fail
v1.2-127-build-10	fail
v1.2-128-format-05	fail
v1.2-129-cli-27	fail
v1.2-13-cli-09-boolean-takes-no-value	fail
v1.2-132-state-23	fail
v1.2-133-state-26	fail
v1.2-134-state-27	fail
v1.2-135-shape-26	fail
v1.2-136-format-10	fail
v1.2-137-format-12	fail
v1.2-14-cli-11-unknown-provider	fail
v1.2-15-cli-12-watch-with-json	fail
v1.2-16-cli-13-double-dash	fail
v1.2-17-cli-14-options-before-command	fail
v1.2-18-cli-16-short-option	fail
v1.2-19-cli-17-help-bad-topic	fail
v1.2-20-cli-21-invalid-slug	fail
v1.2-21-cli-24-help-after-positionals	fail
v1.2-22-cli-25-status-overview	fail
v1.2-23-cli-26-status-slug	fail
v1.2-24-state-14-grok-account-row	fail
v1.2-25-state-20-status-next	fail
v1.2-26-state-22-status-next	fail
v1.2-27-approval-18-status-next	fail
v1.2-28-provider-13-planner-no-fallback	fail
v1.2-29-provider-15-idle-stall	fail
v1.2-30-provider-16-total-cap	fail
v1.2-31-provider-23-tool-result-budget	fail
v1.2-33-shape-json-is-unsupported	fail
v1.2-35-state-02-schema-errors	fail
v1.2-36-state-06-lint-card-warnings	fail
v1.2-37-build-02	fail
v1.2-38-build-03	fail
v1.2-39-build-04	fail
v1.2-40-build-05	fail
v1.2-41-build-06	fail
v1.2-42-build-07	fail
v1.2-43-build-08	fail
v1.2-44-build-09	fail
v1.2-45-build-11	fail
v1.2-46-build-12	fail
v1.2-47-build-13	fail
v1.2-48-build-14	fail
v1.2-49-build-15	fail
v1.2-50-build-16	fail
v1.2-51-build-17	fail
v1.2-52-build-18	fail
v1.2-53-build-19	fail
v1.2-54-build-20	fail
v1.2-55-build-21	fail
v1.2-56-build-22	fail
v1.2-57-build-23	fail
v1.2-58-build-24	fail
v1.2-59-build-25	fail
v1.2-60-build-26	fail
v1.2-61-build-27	fail
v1.2-62-build-28	fail
v1.2-63-build-29	fail
v1.2-64-build-30	fail
v1.2-65-build-33	fail
v1.2-66-build-34	fail
v1.2-67-build-43	fail
v1.2-68-build-44	fail
v1.2-69-ladder-01	fail
v1.2-70-ladder-02	fail
v1.2-71-ladder-03	fail
v1.2-72-ladder-04	fail
v1.2-80-ladder-12	fail
v1.2-81-ladder-13	fail
v1.2-82-ladder-14	fail
v1.2-83-ladder-15	fail
v1.2-84-ladder-16	fail
v1.2-85-ladder-17	fail
v1.2-86-ladder-18	fail
v1.2-87-ladder-19	fail
v1.2-88-ladder-20	fail
v1.2-89-ladder-21	fail
v1.2-90-ladder-22	fail
v1.2-91-ladder-23	fail
v1.2-92-ladder-24	fail
v1.2-93-ladder-25	fail
v1.2-94-ladder-26	fail
v1.2-95-ladder-27	fail
v1.2-96-ladder-28	fail
v1.2-97-ladder-29	fail
v1.2-98-ladder-30	fail
v1.2-99-ladder-31	fail
v1.3-01-observational-auditor	fail
v1.3-02-malformed-audit	fail
v1.3-03-audit-repair-verified	fail
v1.3-04-demotion-refused	fail
v1.3-05-observational-default	fail
v1.3-06-baseline-source-tree	fail
v1.3-07-baseline-exact-base	fail
v1.3-08-baseline-context	fail
v1.3-09-baseline-regression	fail
v1.3-10-reusable-prefix	fail
v1.3-11-cross-session-prefix	fail
v1.3-12-shape-receipt	fail
v1.3-13-shape-turn-fallback	fail
v1.3-14-shape-turn-exhausted	fail
v1.3-15-shape-last-turn	fail
v1.3-16-shape-passes-fallback	fail
v1.3-17-shape-six-passes	fail
v1.3-18-shape-retry-usage	fail
v1.3-19-shape-provider-failure	fail
v1.3-20-fallback-role-rejected	fail
v1.3-21-cross-provider-role-rejected	fail
v1.3-22-recovery-first	fail
v1.3-23-recovery-later	fail
v1.3-24-recovery-ref-failure	fail
v1.3-25-cache-production	pass
v1.3-26-cache-blocks	pass
v1.3-27-cache-incomplete	pass
v1.3-28-cache-feasible	pass
v1.3-29-cache-infeasible	pass
v1.3-30-cache-miss-vs-incomplete	pass
v1.3-31-shape-style	fail
v1.3-32-shape-combined-repair	fail
v1.3-33-shape-stream-continuation	fail
v1.3-34-grok-fallback	fail
v1.3-35-machine-fallback	fail
v1.3-36-recovery-adopt-publication	fail
v1.3-37-recovery-create-only	fail
v1.3-39-recovery-live-owner	fail
v1.3-40-audit-selector	fail
v1.3-41-recovery-failure-retry	fail
v1.3-42-baseline-environment	fail
v1.3-43-shape-last-pass	fail
v1.3-44-run-schema	fail
v1.3-45-report-default	fail
v1.3-46-valid-config	fail
v1.3-47-request-exhaustion-resumes-queued-intent	fail
v1.3-50-offline-xdg-setup	fail
v1.3-51-omitted-boundary-prompt	fail
v1.3-52-explicit-false-boundary-prompt	fail
v1.3-53-explicit-true-boundary-prompt	fail
v1.3-54-boundary-invalid-type	fail
provider-10	fail
provider-22	fail
v1.2-105-provider-02	fail
v1.2-32-provider-21-login-flow	fail
v1.2-34-format-11-account-selection	fail
v1.3-38-recovery-post-cas	fail
v1.3-48-429-no-refresh	fail
v1.3-49-sse-rate-limit-no-refresh	fail
