T+10m	go	35/144	snapshot@05:35:17
T+10m	gleam	24/144	snapshot@05:35:17
T+10m	rust	65/144	snapshot@05:35:17
T+10m	ts	52/144	snapshot@05:35:17
T+20m	go	46/144	snapshot@05:45:15
T+20m	ts	66/144	snapshot@05:45:15
T+20m	gleam	59/144	snapshot@05:45:15
T+20m	rust	69/144	snapshot@05:45:15
T+30m	go	45/144	snapshot@05:55:18
T+30m	ts	78/144	snapshot@05:55:18
T+30m	rust	81/144	snapshot@05:55:18
T+30m	gleam	78/144	snapshot@05:55:18
T+40m	go	49/144	snapshot@06:05:16
T+40m	ts	79/144	snapshot@06:05:16
T+40m	rust	89/144	snapshot@06:05:16
T+40m	gleam	86/144	snapshot@06:05:16
T+50m	go	50/144	snapshot@06:15:18
T+50m	ts	79/144	snapshot@06:15:18
T+50m	rust	83/144	snapshot@06:15:18
T+50m	gleam	87/144	snapshot@06:15:18
FINAL	go	51/144	snapshot@06:25:16
FINAL	ts	84/144	snapshot@06:25:16
FINAL	rust	89/144	snapshot@06:25:16
FINAL	gleam	87/144	snapshot@06:25:16
