panel,phase,prefix_tokens,affinity,cache_condition,scope,dispatched,usage_valid,input_tokens,cached_input_tokens,uncached_input_tokens
individual_header,primer,2048,omit:x-codex-turn-metadata,warm,same_conversation,true,true,2515,1792,723
individual_header,probe,2048,omit:x-codex-turn-metadata,warm,same_conversation,true,true,2533,1792,741
individual_header,primer,2048,all_on,warm,same_conversation,true,true,2513,1792,721
individual_header,probe,2048,all_on,warm,same_conversation,true,true,2531,1792,739
core,primer,11008,all_off,cold,same_conversation,true,true,11492,0,11492
core,probe,11008,all_off,cold,same_conversation,true,true,11492,0,11492
core,primer,11008,all_off,warm,same_conversation,true,true,11475,0,11475
core,probe,11008,all_off,warm,same_conversation,true,true,11493,0,11493
core,primer,11008,all_on,cold,same_conversation,true,true,11494,0,11494
core,probe,11008,all_on,cold,same_conversation,true,true,11497,0,11497
core,primer,11008,all_on,warm,same_conversation,true,true,11475,0,11475
core,probe,11008,all_on,warm,same_conversation,true,true,11493,11008,485
core,primer,2048,all_on,cold,same_conversation,true,true,2530,0,2530
core,probe,2048,all_on,cold,same_conversation,true,true,2532,0,2532
core,primer,2048,all_on,warm,same_conversation,true,true,2513,0,2513
core,probe,2048,all_on,warm,same_conversation,true,true,2531,1792,739
core,primer,2048,all_off,cold,same_conversation,true,true,2537,0,2537
core,probe,2048,all_off,cold,same_conversation,true,true,2534,0,2534
core,primer,2048,all_off,warm,same_conversation,true,true,2514,0,2514
core,probe,2048,all_off,warm,same_conversation,true,true,2532,0,2532
conversation_scope,primer,11008,all_on,warm,S0_same_context,true,true,11473,0,11473
conversation_scope,probe,11008,all_on,warm,S0_same_context,true,true,11491,11008,483
individual_header,primer,2048,all_on,warm,same_conversation,true,true,2517,0,2517
individual_header,probe,2048,all_on,warm,same_conversation,true,true,2535,0,2535
individual_header,primer,2048,omit:x-codex-turn-state,warm,same_conversation,true,true,2517,0,2517
individual_header,probe,2048,omit:x-codex-turn-state,warm,same_conversation,true,true,2535,1792,743
conversation_scope,primer,11008,all_on,warm,S1_new_thread_shared_key,true,true,11476,0,11476
conversation_scope,probe,11008,all_on,warm,S1_new_thread_shared_key,true,true,11494,11008,486
conversation_scope,primer,11008,all_on,warm,S2_new_thread_new_key,true,true,11245,0,11245
conversation_scope,probe,11008,all_on,warm,S2_new_thread_new_key,true,true,11263,0,11263
core,primer,2048,all_on,warm,same_conversation,true,true,2516,0,2516
core,probe,2048,all_on,warm,same_conversation,true,true,2534,1792,742
core,primer,2048,all_on,cold,same_conversation,true,true,2535,0,2535
core,probe,2048,all_on,cold,same_conversation,true,true,2533,0,2533
core,primer,2048,all_off,warm,same_conversation,true,true,2514,0,2514
core,probe,2048,all_off,warm,same_conversation,true,true,2532,0,2532
core,primer,2048,all_off,cold,same_conversation,true,true,2536,0,2536
core,probe,2048,all_off,cold,same_conversation,true,true,2534,0,2534
conversation_scope,primer,11008,all_on,warm,S2_new_thread_new_key,true,true,11475,0,11475
conversation_scope,probe,11008,all_on,warm,S2_new_thread_new_key,true,true,11493,0,11493
core,primer,512,all_on,warm,same_conversation,true,true,751,0,751
core,probe,512,all_on,warm,same_conversation,true,true,769,0,769
core,primer,512,all_on,cold,same_conversation,true,true,763,0,763
core,probe,512,all_on,cold,same_conversation,true,true,763,0,763
core,primer,512,all_off,warm,same_conversation,true,true,0,0,0
core,probe,512,all_off,warm,same_conversation,false,,,,
core,primer,512,all_off,cold,same_conversation,true,true,0,0,0
core,probe,512,all_off,cold,same_conversation,false,,,,
core,primer,11008,all_on,warm,same_conversation,true,true,11242,0,11242
core,probe,11008,all_on,warm,same_conversation,true,true,11260,11008,252
core,primer,11008,all_on,cold,same_conversation,true,true,11262,0,11262
core,probe,11008,all_on,cold,same_conversation,true,true,11260,0,11260
core,primer,11008,all_off,warm,same_conversation,true,true,11241,0,11241
core,probe,11008,all_off,warm,same_conversation,true,true,11259,0,11259
core,primer,11008,all_off,cold,same_conversation,true,true,11258,0,11258
core,probe,11008,all_off,cold,same_conversation,false,,,,
conversation_scope,primer,11008,all_on,warm,S1_new_thread_shared_key,true,true,11244,0,11244
conversation_scope,probe,11008,all_on,warm,S1_new_thread_shared_key,true,true,11262,11008,254
core,primer,2048,all_on,warm,same_conversation,true,true,2280,0,2280
core,probe,2048,all_on,warm,same_conversation,false,,,,
core,primer,2048,all_on,cold,same_conversation,true,true,2299,0,2299
core,probe,2048,all_on,cold,same_conversation,true,true,0,0,0
core,primer,2048,all_off,warm,same_conversation,true,true,2279,0,2279
core,probe,2048,all_off,warm,same_conversation,true,true,2297,0,2297
core,primer,2048,all_off,cold,same_conversation,true,true,2300,0,2300
core,probe,2048,all_off,cold,same_conversation,true,true,2301,0,2301
individual_header,primer,2048,omit:x-client-request-id,warm,same_conversation,true,true,2282,0,2282
individual_header,probe,2048,omit:x-client-request-id,warm,same_conversation,true,true,2300,0,2300
individual_header,primer,2048,all_on,warm,same_conversation,true,true,2283,0,2283
individual_header,probe,2048,all_on,warm,same_conversation,true,true,2301,1792,509
individual_header,primer,2048,omit:thread-id,warm,same_conversation,true,true,2280,0,2280
individual_header,probe,2048,omit:thread-id,warm,same_conversation,true,true,2298,1792,506
individual_header,primer,2048,all_on,warm,same_conversation,true,true,2285,0,2285
individual_header,probe,2048,all_on,warm,same_conversation,true,true,2303,1792,511
core,primer,11008,all_on,cold,same_conversation,true,true,11263,0,11263
core,probe,11008,all_on,cold,same_conversation,true,true,11261,0,11261
core,primer,11008,all_on,warm,same_conversation,true,true,11243,0,11243
core,probe,11008,all_on,warm,same_conversation,true,true,11261,11008,253
core,primer,11008,all_off,cold,same_conversation,true,true,11260,0,11260
core,probe,11008,all_off,cold,same_conversation,true,true,11259,0,11259
core,primer,11008,all_off,warm,same_conversation,true,true,11241,0,11241
core,probe,11008,all_off,warm,same_conversation,true,true,11259,0,11259
core,primer,11008,all_off,warm,same_conversation,true,true,11472,0,11472
core,probe,11008,all_off,warm,same_conversation,true,true,11490,0,11490
core,primer,11008,all_off,cold,same_conversation,true,true,11497,0,11497
core,probe,11008,all_off,cold,same_conversation,true,true,11492,0,11492
core,primer,11008,all_on,warm,same_conversation,true,true,11476,0,11476
core,probe,11008,all_on,warm,same_conversation,true,true,11494,11008,486
core,primer,11008,all_on,cold,same_conversation,true,true,11494,0,11494
core,probe,11008,all_on,cold,same_conversation,true,true,11492,0,11492
core,primer,2048,all_off,cold,same_conversation,true,true,2297,0,2297
core,probe,2048,all_off,cold,same_conversation,false,,,,
core,primer,2048,all_off,warm,same_conversation,true,true,2286,0,2286
core,probe,2048,all_off,warm,same_conversation,true,true,2304,0,2304
core,primer,2048,all_on,cold,same_conversation,true,true,2307,0,2307
core,probe,2048,all_on,cold,same_conversation,true,true,2299,0,2299
core,primer,2048,all_on,warm,same_conversation,true,true,2281,0,2281
core,probe,2048,all_on,warm,same_conversation,true,true,2299,1792,507
individual_header,primer,2048,all_on,warm,same_conversation,true,true,2282,0,2282
individual_header,probe,2048,all_on,warm,same_conversation,true,true,2300,1792,508
individual_header,primer,2048,omit:session-id,warm,same_conversation,true,true,2283,0,2283
individual_header,probe,2048,omit:session-id,warm,same_conversation,false,,,,
individual_header,primer,2048,all_on,warm,same_conversation,true,true,2512,0,2512
individual_header,probe,2048,all_on,warm,same_conversation,true,true,2530,0,2530
individual_header,primer,2048,omit:x-codex-window-id,warm,same_conversation,true,true,2517,0,2517
individual_header,probe,2048,omit:x-codex-window-id,warm,same_conversation,true,true,2535,1792,743
core,primer,512,all_off,cold,same_conversation,true,true,995,0,995
core,probe,512,all_off,cold,same_conversation,true,true,992,0,992
core,primer,512,all_off,warm,same_conversation,true,true,968,0,968
core,probe,512,all_off,warm,same_conversation,true,true,986,0,986
core,primer,512,all_on,cold,same_conversation,true,true,995,0,995
core,probe,512,all_on,cold,same_conversation,true,true,990,0,990
core,primer,512,all_on,warm,same_conversation,true,true,969,0,969
core,probe,512,all_on,warm,same_conversation,true,true,987,0,987
core,primer,11008,all_off,cold,same_conversation,true,true,11495,0,11495
core,probe,11008,all_off,cold,same_conversation,true,true,11492,0,11492
core,primer,11008,all_off,warm,same_conversation,true,true,11479,0,11479
core,probe,11008,all_off,warm,same_conversation,true,true,11497,0,11497
core,primer,11008,all_on,cold,same_conversation,true,true,11497,0,11497
core,probe,11008,all_on,cold,same_conversation,true,true,11494,0,11494
core,primer,11008,all_on,warm,same_conversation,true,true,11474,0,11474
core,probe,11008,all_on,warm,same_conversation,true,true,11492,11008,484
core,primer,2048,all_off,warm,same_conversation,true,true,2283,0,2283
core,probe,2048,all_off,warm,same_conversation,false,,,,
core,primer,2048,all_off,cold,same_conversation,true,true,2300,0,2300
core,probe,2048,all_off,cold,same_conversation,true,true,2300,0,2300
core,primer,2048,all_on,warm,same_conversation,true,true,2279,0,2279
core,probe,2048,all_on,warm,same_conversation,true,true,2297,0,2297
core,primer,2048,all_on,cold,same_conversation,true,true,2296,0,2296
core,probe,2048,all_on,cold,same_conversation,true,true,2298,0,2298
core,primer,512,all_off,warm,same_conversation,true,true,0,0,0
core,probe,512,all_off,warm,same_conversation,false,,,,
core,primer,512,all_off,cold,same_conversation,true,true,761,0,761
core,probe,512,all_off,cold,same_conversation,true,true,763,0,763
core,primer,512,all_on,warm,same_conversation,true,true,745,0,745
core,probe,512,all_on,warm,same_conversation,true,true,763,0,763
core,primer,512,all_on,cold,same_conversation,true,true,762,0,762
core,probe,512,all_on,cold,same_conversation,true,true,765,0,765
conversation_scope,primer,11008,all_on,warm,S0_same_context,true,true,11242,0,11242
conversation_scope,probe,11008,all_on,warm,S0_same_context,true,true,11260,11008,252
core,primer,2048,all_off,cold,same_conversation,true,true,2532,0,2532
core,probe,2048,all_off,cold,same_conversation,true,true,2532,0,2532
core,primer,2048,all_off,warm,same_conversation,true,true,2515,0,2515
core,probe,2048,all_off,warm,same_conversation,true,true,2533,0,2533
core,primer,2048,all_on,cold,same_conversation,true,true,2537,0,2537
core,probe,2048,all_on,cold,same_conversation,true,true,2535,0,2535
core,primer,2048,all_on,warm,same_conversation,true,true,2514,0,2514
core,probe,2048,all_on,warm,same_conversation,true,true,2532,1792,740
core,primer,11008,all_on,warm,same_conversation,true,true,11242,0,11242
core,probe,11008,all_on,warm,same_conversation,true,true,11260,11008,252
core,primer,11008,all_on,cold,same_conversation,true,true,11260,0,11260
core,probe,11008,all_on,cold,same_conversation,true,true,11260,0,11260
core,primer,11008,all_off,warm,same_conversation,true,true,11241,0,11241
core,probe,11008,all_off,warm,same_conversation,true,true,11259,0,11259
core,primer,11008,all_off,cold,same_conversation,true,true,11260,0,11260
core,probe,11008,all_off,cold,same_conversation,true,true,11259,0,11259
core,primer,512,all_on,cold,same_conversation,true,true,992,0,992
core,probe,512,all_on,cold,same_conversation,true,true,993,0,993
core,primer,512,all_on,warm,same_conversation,true,true,974,0,974
core,probe,512,all_on,warm,same_conversation,true,true,992,0,992
core,primer,512,all_off,cold,same_conversation,true,true,990,0,990
core,probe,512,all_off,cold,same_conversation,true,true,989,0,989
core,primer,512,all_off,warm,same_conversation,true,true,973,0,973
core,probe,512,all_off,warm,same_conversation,true,true,991,0,991
core,primer,512,all_off,warm,same_conversation,true,true,747,0,747
core,probe,512,all_off,warm,same_conversation,true,true,0,0,0
core,primer,512,all_off,cold,same_conversation,true,true,764,0,764
core,probe,512,all_off,cold,same_conversation,true,true,760,0,760
core,primer,512,all_on,warm,same_conversation,true,true,748,0,748
core,probe,512,all_on,warm,same_conversation,false,,,,
core,primer,512,all_on,cold,same_conversation,true,true,768,0,768
core,probe,512,all_on,cold,same_conversation,true,true,764,0,764
core,primer,512,all_on,cold,same_conversation,true,true,994,0,994
core,probe,512,all_on,cold,same_conversation,true,true,991,0,991
core,primer,512,all_on,warm,same_conversation,true,true,976,0,976
core,probe,512,all_on,warm,same_conversation,true,true,994,0,994
core,primer,512,all_off,cold,same_conversation,true,true,992,0,992
core,probe,512,all_off,cold,same_conversation,true,true,993,0,993
core,primer,512,all_off,warm,same_conversation,true,true,973,0,973
core,probe,512,all_off,warm,same_conversation,true,true,991,0,991
