cell_id,cohort,task,stack,rep,host,outcome,tests_passed,tests_total,uncached,cached,output,total_tokens,wall_s,grade_window_at,base_sha,cli_version
codex__gpt-6.1-sol__medium__default__r70-1-rust__r1,new,r70-1-rust,rust,1,kogen-bench-eu,pass,25,25,22198,101376,7257,130831,196.5,2026-10-07T10:36:53Z,76b4f1fdc3bfb10f6a145de9c912fb0056239c16,codex-cli 0.160.0
codex__gpt-6.1-sol__medium__default__r70-1-rust__r2,new,r70-1-rust,rust,2,kogen-bench-eu,pass,25,25,37887,123520,8593,170000,241.28,2026-10-07T11:17:03Z,76b4f1fdc3bfb10f6a145de9c912fb0056239c16,codex-cli 0.160.0
codex__gpt-6.1-sol__medium__default__r70-1-rust__r3,new,r70-1-rust,rust,3,kogen-bench-eu,pass,25,25,30007,116864,7999,154870,205.598,2026-10-07T11:17:03Z,76b4f1fdc3bfb10f6a145de9c912fb0056239c16,codex-cli 0.160.0
codex__gpt-6.1-sol__medium__default__r70-2-rust__r1,new,r70-2-rust,rust,1,kogen-bench-eu,pass,25,25,16295,101504,5770,123569,165.03,2026-10-07T10:36:53Z,3bc3eac673cc5f4e81d1dd6b359998464eb9050d,codex-cli 0.160.0
codex__gpt-6.1-sol__medium__default__r70-2-rust__r2,new,r70-2-rust,rust,2,kogen-bench-eu,pass,25,25,12167,136320,5158,153645,150.709,2026-10-07T11:17:03Z,3bc3eac673cc5f4e81d1dd6b359998464eb9050d,codex-cli 0.160.0
codex__gpt-6.1-sol__medium__default__r70-2-rust__r3,new,r70-2-rust,rust,3,kogen-bench-eu,pass,25,25,17990,97024,5066,120080,148.939,2026-10-07T11:17:03Z,3bc3eac673cc5f4e81d1dd6b359998464eb9050d,codex-cli 0.160.0
codex__gpt-6.1-sol__medium__default__r70-4-rust-fe2__r1,new,r70-4-rust-fe2,rust,1,kogen-bench-eu,pass,18,18,11761,84992,6006,102759,172.378,2026-10-07T10:36:53Z,7ec844419f66eb7508ee5da89ed2e6aca5768985,codex-cli 0.160.0
codex__gpt-6.1-sol__medium__default__r70-4-rust-fe2__r2,new,r70-4-rust-fe2,rust,2,kogen-bench-eu,fail,17,18,24478,87040,6803,118321,180.847,2026-10-07T11:17:03Z,7ec844419f66eb7508ee5da89ed2e6aca5768985,codex-cli 0.160.0
codex__gpt-6.1-sol__medium__default__r70-4-rust-fe2__r3,new,r70-4-rust-fe2,rust,3,kogen-bench-eu,pass,18,18,21425,113152,7302,141879,199.254,2026-10-07T11:17:03Z,7ec844419f66eb7508ee5da89ed2e6aca5768985,codex-cli 0.160.0
codex__gpt-6.1-sol__medium__default__r70-1-go__r1,new,r70-1-go,go,1,kogen-bench-us,pass,25,25,38456,258048,12853,309357,389.49,2026-10-07T10:38:14Z,ff3bbaed352843fbe44666650a30f49bbe64e0d5,codex-cli 0.160.0
codex__gpt-6.1-sol__medium__default__r70-1-go__r2,new,r70-1-go,go,2,kogen-bench-us,pass,25,25,13635,129920,7304,150859,190.92,2026-10-07T11:00:49Z,ff3bbaed352843fbe44666650a30f49bbe64e0d5,codex-cli 0.160.0
codex__gpt-6.1-sol__medium__default__r70-1-go__r3,new,r70-1-go,go,3,kogen-bench-us,fail,24,25,39736,219904,13901,273541,390.246,2026-10-07T11:00:49Z,ff3bbaed352843fbe44666650a30f49bbe64e0d5,codex-cli 0.160.0
codex__gpt-6.1-sol__medium__default__r70-2-go__r1,new,r70-2-go,go,1,kogen-bench-us,pass,25,25,21607,189568,10564,221739,310.963,2026-10-07T10:38:14Z,13a08875ea5e1fd0a3debc6f0b8c6b98a4b37a82,codex-cli 0.160.0
codex__gpt-6.1-sol__medium__default__r70-2-go__r2,new,r70-2-go,go,2,kogen-bench-us,pass,25,25,19730,185728,5850,211308,181.583,2026-10-07T11:00:49Z,13a08875ea5e1fd0a3debc6f0b8c6b98a4b37a82,codex-cli 0.160.0
codex__gpt-6.1-sol__medium__default__r70-2-go__r3,new,r70-2-go,go,3,kogen-bench-us,pass,25,25,34328,181632,7174,223134,207.929,2026-10-07T11:00:49Z,13a08875ea5e1fd0a3debc6f0b8c6b98a4b37a82,codex-cli 0.160.0
codex__gpt-6.1-sol__medium__default__r70-4-go-fe2__r1,new,r70-4-go-fe2,go,1,kogen-bench-us,pass,18,18,17992,135040,7413,160445,205.942,2026-10-07T10:38:14Z,21d21a2f420a387c921f998e5b4d16efc8f80904,codex-cli 0.160.0
codex__gpt-6.1-sol__medium__default__r70-4-go-fe2__r2,new,r70-4-go-fe2,go,2,kogen-bench-us,fail,17,18,17165,164736,9229,191130,237.152,2026-10-07T11:00:49Z,21d21a2f420a387c921f998e5b4d16efc8f80904,codex-cli 0.160.0
codex__gpt-6.1-sol__medium__default__r70-4-go-fe2__r3,new,r70-4-go-fe2,go,3,kogen-bench-us,pass,18,18,26780,150016,6932,183728,204.624,2026-10-07T11:00:49Z,21d21a2f420a387c921f998e5b4d16efc8f80904,codex-cli 0.160.0
codex__gpt-6.1-sol__medium__default__r70-1-ts-bun__r1,new,r70-1-ts-bun,ts-bun,1,kogen-bench-us,pass,25,25,23860,178688,9807,212355,261.012,2026-10-07T10:38:14Z,ceba0e8e071c6ae64b9d679d6196661e5454b968,codex-cli 0.160.0
codex__gpt-6.1-sol__medium__default__r70-1-ts-bun__r2,new,r70-1-ts-bun,ts-bun,2,kogen-bench-us,pass,25,25,17022,132352,9195,158569,231.869,2026-10-07T11:00:49Z,ceba0e8e071c6ae64b9d679d6196661e5454b968,codex-cli 0.160.0
codex__gpt-6.1-sol__medium__default__r70-1-ts-bun__r3,new,r70-1-ts-bun,ts-bun,3,kogen-bench-us,pass,25,25,18644,178816,9169,206629,255.074,2026-10-07T11:00:49Z,ceba0e8e071c6ae64b9d679d6196661e5454b968,codex-cli 0.160.0
codex__gpt-6.1-sol__medium__default__r70-2-ts-bun__r1,new,r70-2-ts-bun,ts-bun,1,kogen-bench-us,pass,25,25,21372,227712,7119,256203,209.011,2026-10-07T10:38:14Z,d834cb057114495d15905ae524c9157bc8f305d1,codex-cli 0.160.0
codex__gpt-6.1-sol__medium__default__r70-2-ts-bun__r2,new,r70-2-ts-bun,ts-bun,2,kogen-bench-us,pass,25,25,25986,254336,6802,287124,215.12,2026-10-07T11:00:49Z,d834cb057114495d15905ae524c9157bc8f305d1,codex-cli 0.160.0
codex__gpt-6.1-sol__medium__default__r70-2-ts-bun__r3,new,r70-2-ts-bun,ts-bun,3,kogen-bench-us,pass,25,25,30187,190464,6856,227507,208.123,2026-10-07T11:00:49Z,d834cb057114495d15905ae524c9157bc8f305d1,codex-cli 0.160.0
codex__gpt-6.1-sol__medium__default__r70-4-ts-bun-fe2__r1,new,r70-4-ts-bun-fe2,ts-bun,1,kogen-bench-us,fail,17,18,13850,121472,5670,140992,166.437,2026-10-07T10:38:14Z,cc3a831a167020538c4ca2ad90185606a2e4ad6a,codex-cli 0.160.0
codex__gpt-6.1-sol__medium__default__r70-4-ts-bun-fe2__r2,new,r70-4-ts-bun-fe2,ts-bun,2,kogen-bench-us,fail,17,18,24844,137472,6878,169194,189.982,2026-10-07T11:00:49Z,cc3a831a167020538c4ca2ad90185606a2e4ad6a,codex-cli 0.160.0
codex__gpt-6.1-sol__medium__default__r70-4-ts-bun-fe2__r3,new,r70-4-ts-bun-fe2,ts-bun,3,kogen-bench-us,fail,17,18,17987,117120,6458,141565,172.041,2026-10-07T11:00:49Z,cc3a831a167020538c4ca2ad90185606a2e4ad6a,codex-cli 0.160.0
codex__gpt-6.1-sol__medium__default__r70-5-rust__r1,reused,r70-5-rust,rust,1,kogen-bench-eu,pass,24,24,10542,68224,4245,83011,172.043,2026-10-05T23:53:55Z,8981c5fcfeecbd5851e01cca3531a8d96afa9376,codex-cli 0.160.0
codex__gpt-6.1-sol__medium__default__r70-5-rust__r2,reused,r70-5-rust,rust,2,kogen-bench-eu,pass,24,24,15521,82304,5934,103759,132.714,2026-10-06T01:27:32Z,8981c5fcfeecbd5851e01cca3531a8d96afa9376,codex-cli 0.160.0
codex__gpt-6.1-sol__medium__default__r70-5-rust__r3,reused,r70-5-rust,rust,3,kogen-bench-eu,pass,24,24,35364,45312,5571,86247,122.378,2026-10-06T01:27:32Z,8981c5fcfeecbd5851e01cca3531a8d96afa9376,codex-cli 0.160.0
codex__gpt-6.1-sol__medium__default__r70-5-rust__r4,reused,r70-5-rust,rust,4,kogen-bench-us,pass,24,24,19846,97920,5810,123576,132.717,2026-10-06T09:34:59Z,8981c5fcfeecbd5851e01cca3531a8d96afa9376,codex-cli 0.160.0
codex__gpt-6.1-sol__medium__default__r70-6-rust__r1,reused,r70-6-rust,rust,1,kogen-bench-eu,pass,24,24,14060,163840,5000,182900,212.248,2026-10-05T23:53:55Z,2e15e5332f42c34957417a8ca69d747fb01bf488,codex-cli 0.160.0
codex__gpt-6.1-sol__medium__default__r70-6-rust__r2,reused,r70-6-rust,rust,2,kogen-bench-eu,pass,24,24,19120,96128,4901,120149,122.018,2026-10-06T00:30:29Z,2e15e5332f42c34957417a8ca69d747fb01bf488,codex-cli 0.160.0
codex__gpt-6.1-sol__medium__default__r70-6-rust__r3,reused,r70-6-rust,rust,3,kogen-bench-us,invalid,0,0,12383,139136,4725,156244,120.733,2026-10-06T09:34:59Z,2e15e5332f42c34957417a8ca69d747fb01bf488,codex-cli 0.160.0
codex__gpt-6.1-sol__medium__default__r70-6-rust__r4,reused,r70-6-rust,rust,4,kogen-bench-us,pass,24,24,12112,105216,4577,121905,116.38,2026-10-06T09:34:59Z,2e15e5332f42c34957417a8ca69d747fb01bf488,codex-cli 0.160.0
codex__gpt-6.1-sol__medium__default__r70-7-rust__r1,reused,r70-7-rust,rust,1,kogen-bench-eu,pass,24,24,14074,83712,4876,102662,111.25,2026-10-05T23:53:55Z,111a0c776ae6d93f6e7fccd3fc694d5f4fa26838,codex-cli 0.160.0
codex__gpt-6.1-sol__medium__default__r70-7-rust__r2,reused,r70-7-rust,rust,2,kogen-bench-us,pass,24,24,21362,112128,10559,144049,227.073,2026-10-06T00:22:47Z,111a0c776ae6d93f6e7fccd3fc694d5f4fa26838,codex-cli 0.160.0
codex__gpt-6.1-sol__medium__default__r70-7-rust__r3,reused,r70-7-rust,rust,3,kogen-bench-us,pass,24,24,11601,68352,5663,85616,126.491,2026-10-06T00:22:47Z,111a0c776ae6d93f6e7fccd3fc694d5f4fa26838,codex-cli 0.160.0
codex__gpt-6.1-sol__medium__default__r70-5-go__r1,reused,r70-5-go,go,1,kogen-bench-eu,pass,24,24,14309,154496,7376,176181,174.234,2026-10-06T00:30:29Z,e0b4a2478a17a924fcecb965b2941ca3396f49d6,codex-cli 0.160.0
codex__gpt-6.1-sol__medium__default__r70-5-go__r2,reused,r70-5-go,go,2,kogen-bench-eu,pass,24,24,18880,215936,9845,244661,243.373,2026-10-06T00:30:29Z,e0b4a2478a17a924fcecb965b2941ca3396f49d6,codex-cli 0.160.0
codex__gpt-6.1-sol__medium__default__r70-5-go__r3,reused,r70-5-go,go,3,kogen-bench-us,pass,24,24,24763,141696,6401,172860,156.409,2026-10-06T09:34:59Z,e0b4a2478a17a924fcecb965b2941ca3396f49d6,codex-cli 0.160.0
codex__gpt-6.1-sol__medium__default__r70-5-go__r4,reused,r70-5-go,go,4,kogen-bench-us,pass,24,24,23286,139776,5979,169041,147.154,2026-10-06T09:34:59Z,e0b4a2478a17a924fcecb965b2941ca3396f49d6,codex-cli 0.160.0
codex__gpt-6.1-sol__medium__default__r70-6-go__r1,reused,r70-6-go,go,1,kogen-bench-eu,pass,24,24,15847,128256,7857,151960,303.562,2026-10-05T23:53:55Z,1eeb5b1b77c97102131fd97ec3f8ff85844b2534,codex-cli 0.160.0
codex__gpt-6.1-sol__medium__default__r70-6-go__r2,reused,r70-6-go,go,2,kogen-bench-us,pass,24,24,12973,142080,6928,161981,174.889,2026-10-06T00:22:47Z,1eeb5b1b77c97102131fd97ec3f8ff85844b2534,codex-cli 0.160.0
codex__gpt-6.1-sol__medium__default__r70-6-go__r3,reused,r70-6-go,go,3,kogen-bench-us,pass,24,24,19612,107136,5087,131835,117.569,2026-10-06T09:34:59Z,1eeb5b1b77c97102131fd97ec3f8ff85844b2534,codex-cli 0.160.0
codex__gpt-6.1-sol__medium__default__r70-6-go__r4,reused,r70-6-go,go,4,kogen-bench-eu,pass,24,24,24127,150912,7004,182043,188.666,2026-10-06T01:27:32Z,1eeb5b1b77c97102131fd97ec3f8ff85844b2534,codex-cli 0.160.0
codex__gpt-6.1-sol__medium__default__r70-7-go__r1,reused,r70-7-go,go,1,kogen-bench-us,pass,24,24,20818,155392,9246,185456,217.999,2026-10-05T23:54:22Z,dfbf7e2eed40f53f0f694994f08ad50b48ee7de3,codex-cli 0.160.0
codex__gpt-6.1-sol__medium__default__r70-7-go__r2,reused,r70-7-go,go,2,kogen-bench-us,pass,24,24,25421,141568,6679,173668,157.746,2026-10-06T00:22:47Z,dfbf7e2eed40f53f0f694994f08ad50b48ee7de3,codex-cli 0.160.0
codex__gpt-6.1-sol__medium__default__r70-7-go__r3,reused,r70-7-go,go,3,kogen-bench-eu,pass,24,24,16508,83584,5834,105926,132.351,2026-10-06T01:27:32Z,dfbf7e2eed40f53f0f694994f08ad50b48ee7de3,codex-cli 0.160.0
codex__gpt-6.1-sol__medium__default__r70-5-ts-bun__r1,reused,r70-5-ts-bun,ts-bun,1,kogen-bench-eu,pass,24,24,13622,127104,4983,145709,118.009,2026-10-05T23:53:55Z,c58bd4dd91b099cb8ce01f8adf1e4089efd00448,codex-cli 0.160.0
codex__gpt-6.1-sol__medium__default__r70-5-ts-bun__r2,reused,r70-5-ts-bun,ts-bun,2,kogen-bench-us,pass,24,24,20041,81024,5059,106124,117.097,2026-10-06T00:22:47Z,c58bd4dd91b099cb8ce01f8adf1e4089efd00448,codex-cli 0.160.0
codex__gpt-6.1-sol__medium__default__r70-5-ts-bun__r3,reused,r70-5-ts-bun,ts-bun,3,kogen-bench-us,pass,24,24,19277,129664,5648,154589,129.554,2026-10-06T09:34:59Z,c58bd4dd91b099cb8ce01f8adf1e4089efd00448,codex-cli 0.160.0
codex__gpt-6.1-sol__medium__default__r70-6-ts-bun__r1,reused,r70-6-ts-bun,ts-bun,1,kogen-bench-us,pass,24,24,21756,96640,5469,123865,126.728,2026-10-05T23:54:22Z,41192b331e0bc75a19a4abc2f8213bb4571acc04,codex-cli 0.160.0
codex__gpt-6.1-sol__medium__default__r70-6-ts-bun__r2,reused,r70-6-ts-bun,ts-bun,2,kogen-bench-us,pass,24,24,25293,74112,5488,104893,123.262,2026-10-06T00:22:47Z,41192b331e0bc75a19a4abc2f8213bb4571acc04,codex-cli 0.160.0
codex__gpt-6.1-sol__medium__default__r70-6-ts-bun__r3,reused,r70-6-ts-bun,ts-bun,3,kogen-bench-eu,pass,24,24,19920,109312,5777,135009,132.851,2026-10-06T01:27:32Z,41192b331e0bc75a19a4abc2f8213bb4571acc04,codex-cli 0.160.0
codex__gpt-6.1-sol__medium__default__r70-7-ts-bun__r1,reused,r70-7-ts-bun,ts-bun,1,kogen-bench-us,pass,24,24,13682,127104,5915,146701,159.692,2026-10-05T23:54:22Z,01c5f1f43377834b800315964c5476aff341b26e,codex-cli 0.160.0
codex__gpt-6.1-sol__medium__default__r70-7-ts-bun__r2,reused,r70-7-ts-bun,ts-bun,2,kogen-bench-eu,pass,24,24,22097,78208,4720,105025,108.226,2026-10-06T01:27:32Z,01c5f1f43377834b800315964c5476aff341b26e,codex-cli 0.160.0
codex__gpt-6.1-sol__medium__default__r70-7-ts-bun__r3,reused,r70-7-ts-bun,ts-bun,3,kogen-bench-eu,pass,24,24,13862,88704,5725,108291,129.744,2026-10-06T01:27:32Z,01c5f1f43377834b800315964c5476aff341b26e,codex-cli 0.160.0
