order,cell_id,variant,task_id,arm,seed,rep,cell_status,outcome,tests_passed,tests_total,uncached_input_tokens,cached_input_tokens,output_tokens,total_tokens,host,grade_route
1,codex__gpt-6-luna__max__default__r70-4-go-fe2__r63,r70-4-go-fe2,r70-4-go-fe2,control,3,63,VALID,pass,18,18,42599,464896,21912,529407,kogen-bench-us,r70-macbook-window-v1
2,codex__gpt-6-luna__max__default__r70-5-go-l4pk__r62,r70-5-go,r70-5-go-l4pk,packet,2,62,VALID,pass,24,24,46875,272128,17847,336850,kogen-bench-us,r70-macbook-window-v1
3,codex__gpt-6-luna__max__default__r70-4-ts-bun-fe2__r63,r70-4-ts-bun-fe2,r70-4-ts-bun-fe2,control,3,63,VALID,pass,18,18,40966,207104,16255,264325,kogen-bench-us,r70-macbook-window-v1
4,codex__gpt-6-luna__max__default__r70-4-ts-bun-fe2-l4pk__r62,r70-4-ts-bun-fe2,r70-4-ts-bun-fe2-l4pk,packet,2,62,VALID,pass,18,18,68813,692992,25276,787081,kogen-bench-us,r70-macbook-window-v1
5,codex__gpt-6-luna__max__default__r70-4-ts-bun-fe2-l4pk__r63,r70-4-ts-bun-fe2,r70-4-ts-bun-fe2-l4pk,packet,3,63,VALID,fail,17,18,27668,238592,14213,280473,kogen-bench-us,r70-macbook-window-v1
6,codex__gpt-6-luna__max__default__r70-5-go__r63,r70-5-go,r70-5-go,control,3,63,VALID,pass,24,24,27541,209152,14806,251499,kogen-bench-us,r70-macbook-window-v1
7,codex__gpt-6-luna__max__default__r70-4-go-fe2-l4pk__r61,r70-4-go-fe2,r70-4-go-fe2-l4pk,packet,1,61,VALID,pass,18,18,42408,505088,21967,569463,kogen-bench-us,r70-macbook-window-v1
8,codex__gpt-6-luna__max__default__r70-4-ts-bun-fe2-l4pk__r61,r70-4-ts-bun-fe2,r70-4-ts-bun-fe2-l4pk,packet,1,61,VALID,fail,17,18,47622,506368,29332,583322,kogen-bench-us,r70-macbook-window-v1
9,codex__gpt-6-luna__max__default__r70-4-ts-bun-fe2__r62,r70-4-ts-bun-fe2,r70-4-ts-bun-fe2,control,2,62,VALID,fail,17,18,39324,475648,21479,536451,kogen-bench-us,r70-macbook-window-v1
10,codex__gpt-6-luna__max__default__r70-5-go-l4pk__r61,r70-5-go,r70-5-go-l4pk,packet,1,61,VALID,pass,24,24,58528,351232,18250,428010,kogen-bench-us,r70-macbook-window-v1
11,codex__gpt-6-luna__max__default__r70-5-go__r61,r70-5-go,r70-5-go,control,1,61,VALID,pass,24,24,34788,331008,17967,383763,kogen-bench-us,r70-macbook-window-v1
12,codex__gpt-6-luna__max__default__r70-5-go__r62,r70-5-go,r70-5-go,control,2,62,VALID,fail,23,24,37907,294656,20229,352792,kogen-bench-us,r70-macbook-window-v1
13,codex__gpt-6-luna__max__default__r70-4-go-fe2__r62,r70-4-go-fe2,r70-4-go-fe2,control,2,62,VALID,pass,18,18,55992,846336,27806,930134,kogen-bench-us,r70-macbook-window-v1
14,codex__gpt-6-luna__max__default__r70-4-go-fe2-l4pk__r63,r70-4-go-fe2,r70-4-go-fe2-l4pk,packet,3,63,VALID,pass,18,18,36365,310784,20696,367845,kogen-bench-us,r70-macbook-window-v1
15,codex__gpt-6-luna__max__default__r70-4-go-fe2__r61,r70-4-go-fe2,r70-4-go-fe2,control,1,61,VALID,pass,18,18,65742,741888,27090,834720,kogen-bench-us,r70-macbook-window-v1
16,codex__gpt-6-luna__max__default__r70-5-go-l4pk__r63,r70-5-go,r70-5-go-l4pk,packet,3,63,VALID,fail,23,24,38786,331776,18152,388714,kogen-bench-us,r70-macbook-window-v1
17,codex__gpt-6-luna__max__default__r70-4-go-fe2-l4pk__r62,r70-4-go-fe2,r70-4-go-fe2-l4pk,packet,2,62,VALID,pass,18,18,58104,541440,24121,623665,kogen-bench-us,r70-macbook-window-v1
18,codex__gpt-6-luna__max__default__r70-4-ts-bun-fe2__r61,r70-4-ts-bun-fe2,r70-4-ts-bun-fe2,control,1,61,VALID,fail,17,18,38362,395776,17340,451478,kogen-bench-us,r70-macbook-window-v1
