cell_id,round,arm,host,task,rep,outcome,stop_cause,effective_model,effective_effort,public_export_outcome,included_in_pooled_itt,grade_status
r57-us-elx05-us-elx-05-cache-single-flight-default-tools-r1,r57,default-tools,us,elx-05-cache-single-flight,1,PASS,official_model,gpt-6-luna,xhigh,pass,yes,ok
r57-us-elx05-us-elx-05-cache-single-flight-default-tools-r2,r57,default-tools,us,elx-05-cache-single-flight,2,PASS,official_model,gpt-6-luna,xhigh,pass,yes,ok
r57-us-elx05-us-elx-05-cache-single-flight-default-tools-r3,r57,default-tools,us,elx-05-cache-single-flight,3,PASS,official_model,gpt-6-luna,xhigh,pass,yes,ok
r57-us-elx05-us-elx-05-cache-single-flight-default-tools-r4,r57,default-tools,us,elx-05-cache-single-flight,4,PASS,official_model,gpt-6-luna,xhigh,pass,yes,ok
r57-us-elx05-us-elx-05-cache-single-flight-shell-only-r1,r57,shell-only,us,elx-05-cache-single-flight,1,PASS,official_model,gpt-6-luna,xhigh,pass,yes,ok
r57-us-elx05-us-elx-05-cache-single-flight-shell-only-r2,r57,shell-only,us,elx-05-cache-single-flight,2,PASS,official_model,gpt-6-luna,xhigh,pass,yes,ok
r57-us-elx05-us-elx-05-cache-single-flight-shell-only-r3,r57,shell-only,us,elx-05-cache-single-flight,3,PASS,official_model,gpt-6-luna,xhigh,pass,yes,ok
r57-us-elx05-us-elx-05-cache-single-flight-shell-only-r4,r57,shell-only,us,elx-05-cache-single-flight,4,PASS,official_model,gpt-6-luna,xhigh,pass,yes,ok
r57-us-elx07-us-elx-07-cli-stats-default-tools-r1,r57,default-tools,us,elx-07-cli-stats,1,PASS,official_model,gpt-6-luna,xhigh,pass,yes,ok
r57-us-elx07-us-elx-07-cli-stats-default-tools-r2,r57,default-tools,us,elx-07-cli-stats,2,PASS,official_model,gpt-6-luna,xhigh,pass,yes,ok
r57-us-elx07-us-elx-07-cli-stats-default-tools-r3,r57,default-tools,us,elx-07-cli-stats,3,PASS,official_model,gpt-6-luna,xhigh,pass,yes,ok
r57-us-elx07-us-elx-07-cli-stats-default-tools-r4,r57,default-tools,us,elx-07-cli-stats,4,FAIL,official_model,gpt-6-luna,xhigh,fail,yes,ok
r57-us-elx07-us-elx-07-cli-stats-shell-only-r1,r57,shell-only,us,elx-07-cli-stats,1,PASS,official_model,gpt-6-luna,xhigh,pass,yes,ok
r57-us-elx07-us-elx-07-cli-stats-shell-only-r2,r57,shell-only,us,elx-07-cli-stats,2,PASS,official_model,gpt-6-luna,xhigh,pass,yes,ok
r57-us-elx07-us-elx-07-cli-stats-shell-only-r3,r57,shell-only,us,elx-07-cli-stats,3,FAIL,official_model,gpt-6-luna,xhigh,fail,yes,ok
r57-us-elx07-us-elx-07-cli-stats-shell-only-r4,r57,shell-only,us,elx-07-cli-stats,4,FAIL,official_model,gpt-6-luna,xhigh,fail,yes,ok
r57-us-elx12-us-elx-12-retry-api-deprecation-default-tools-r1,r57,default-tools,us,elx-12-retry-api-deprecation,1,FAIL,official_model,gpt-6-luna,xhigh,fail,yes,ok
r57-us-elx12-us-elx-12-retry-api-deprecation-default-tools-r2,r57,default-tools,us,elx-12-retry-api-deprecation,2,FAIL,official_model,gpt-6-luna,xhigh,fail,yes,ok
r57-us-elx12-us-elx-12-retry-api-deprecation-default-tools-r3,r57,default-tools,us,elx-12-retry-api-deprecation,3,PASS,official_model,gpt-6-luna,xhigh,pass,yes,ok
r57-us-elx12-us-elx-12-retry-api-deprecation-default-tools-r4,r57,default-tools,us,elx-12-retry-api-deprecation,4,PASS,official_model,gpt-6-luna,xhigh,pass,yes,ok
r57-us-elx12-us-elx-12-retry-api-deprecation-shell-only-r1,r57,shell-only,us,elx-12-retry-api-deprecation,1,PASS,official_model,gpt-6-luna,xhigh,pass,yes,ok
r57-us-elx12-us-elx-12-retry-api-deprecation-shell-only-r2,r57,shell-only,us,elx-12-retry-api-deprecation,2,PASS,official_model,gpt-6-luna,xhigh,pass,yes,ok
r57-us-elx12-us-elx-12-retry-api-deprecation-shell-only-r3,r57,shell-only,us,elx-12-retry-api-deprecation,3,FAIL,official_model,gpt-6-luna,xhigh,fail,yes,ok
r57-us-elx12-us-elx-12-retry-api-deprecation-shell-only-r4,r57,shell-only,us,elx-12-retry-api-deprecation,4,FAIL,official_model,gpt-6-luna,xhigh,fail,yes,ok
r57-us-syn13-us-syn-13-bug-empty-filter-crash-default-tools-r1,r57,default-tools,us,syn-13-bug-empty-filter-crash,1,PASS,official_model,gpt-6-luna,xhigh,pass,yes,ok
r57-us-syn13-us-syn-13-bug-empty-filter-crash-default-tools-r2,r57,default-tools,us,syn-13-bug-empty-filter-crash,2,PASS,official_model,gpt-6-luna,xhigh,pass,yes,ok
r57-us-syn13-us-syn-13-bug-empty-filter-crash-default-tools-r3,r57,default-tools,us,syn-13-bug-empty-filter-crash,3,PASS,official_model,gpt-6-luna,xhigh,pass,yes,ok
r57-us-syn13-us-syn-13-bug-empty-filter-crash-default-tools-r4,r57,default-tools,us,syn-13-bug-empty-filter-crash,4,PASS,official_model,gpt-6-luna,xhigh,pass,yes,ok
r57-us-syn13-us-syn-13-bug-empty-filter-crash-shell-only-r1,r57,shell-only,us,syn-13-bug-empty-filter-crash,1,PASS,official_model,gpt-6-luna,xhigh,pass,yes,ok
r57-us-syn13-us-syn-13-bug-empty-filter-crash-shell-only-r2,r57,shell-only,us,syn-13-bug-empty-filter-crash,2,PASS,official_model,gpt-6-luna,xhigh,pass,yes,ok
r57-us-syn13-us-syn-13-bug-empty-filter-crash-shell-only-r3,r57,shell-only,us,syn-13-bug-empty-filter-crash,3,PASS,official_model,gpt-6-luna,xhigh,pass,yes,ok
r57-us-syn13-us-syn-13-bug-empty-filter-crash-shell-only-r4,r57,shell-only,us,syn-13-bug-empty-filter-crash,4,PASS,official_model,gpt-6-luna,xhigh,pass,yes,ok
r57-us-syn14-us-syn-14-bug-sla-business-hours-default-tools-r1,r57,default-tools,us,syn-14-bug-sla-business-hours,1,PASS,official_model,gpt-6-luna,xhigh,pass,yes,ok
r57-us-syn14-us-syn-14-bug-sla-business-hours-default-tools-r2,r57,default-tools,us,syn-14-bug-sla-business-hours,2,PASS,official_model,gpt-6-luna,xhigh,pass,yes,ok
r57-us-syn14-us-syn-14-bug-sla-business-hours-default-tools-r3,r57,default-tools,us,syn-14-bug-sla-business-hours,3,PASS,official_model,gpt-6-luna,xhigh,pass,yes,ok
r57-us-syn14-us-syn-14-bug-sla-business-hours-default-tools-r4,r57,default-tools,us,syn-14-bug-sla-business-hours,4,PASS,official_model,gpt-6-luna,xhigh,pass,yes,ok
r57-us-syn14-us-syn-14-bug-sla-business-hours-shell-only-r1,r57,shell-only,us,syn-14-bug-sla-business-hours,1,PASS,official_model,gpt-6-luna,xhigh,pass,yes,ok
r57-us-syn14-us-syn-14-bug-sla-business-hours-shell-only-r2,r57,shell-only,us,syn-14-bug-sla-business-hours,2,PASS,official_model,gpt-6-luna,xhigh,pass,yes,ok
r57-us-syn14-us-syn-14-bug-sla-business-hours-shell-only-r3,r57,shell-only,us,syn-14-bug-sla-business-hours,3,PASS,official_model,gpt-6-luna,xhigh,pass,yes,ok
r57-us-syn14-us-syn-14-bug-sla-business-hours-shell-only-r4,r57,shell-only,us,syn-14-bug-sla-business-hours,4,PASS,official_model,gpt-6-luna,xhigh,pass,yes,ok
kh-gpt__gpt-6-luna__low__default__rails-ac-throttle-search__r1-default-tools-r57b-studio,r57b,default-tools,studio,rails-ac-throttle-search,1,FAIL,official_model,gpt-6-luna,xhigh,fail,yes,ok
kh-gpt__gpt-6-luna__low__default__rails-ac-throttle-search__r2-default-tools-r57b-studio,r57b,default-tools,studio,rails-ac-throttle-search,2,PASS,official_model,gpt-6-luna,xhigh,pass,yes,ok
kh-gpt__gpt-6-luna__low__default__rails-ac-throttle-search__r3-default-tools-r57b-studio,r57b,default-tools,studio,rails-ac-throttle-search,3,FAIL,official_model,gpt-6-luna,xhigh,fail,yes,ok
kh-gpt__gpt-6-luna__low__default__rails-ac-throttle-search__r4-default-tools-r57b-studio,r57b,default-tools,studio,rails-ac-throttle-search,4,FAIL,official_model,gpt-6-luna,xhigh,fail,yes,ok
kh-gpt__gpt-6-luna__low__default__rails-ac-throttle-search__r5-default-tools-r57b-studio,r57b,default-tools,studio,rails-ac-throttle-search,5,PASS,official_model,gpt-6-luna,xhigh,pass,yes,ok
kh-gpt__gpt-6-luna__low__default__rails-ac-throttle-search__r6-default-tools-r57b-studio,r57b,default-tools,studio,rails-ac-throttle-search,6,FAIL,official_model,gpt-6-luna,xhigh,fail,yes,ok
kh-gpt__gpt-6-luna__low__default__rails-ac-throttle-search__r7-default-tools-r57b-studio,r57b,default-tools,studio,rails-ac-throttle-search,7,PASS,official_model,gpt-6-luna,xhigh,pass,yes,ok
kh-gpt__gpt-6-luna__low__default__rails-ac-throttle-search__r8-default-tools-r57b-studio,r57b,default-tools,studio,rails-ac-throttle-search,8,PASS,official_model,gpt-6-luna,xhigh,pass,yes,ok
kh-gpt__gpt-6-luna__low__default__rails-ac-throttle-search__r1-shell-only-r57b-studio,r57b,shell-only,studio,rails-ac-throttle-search,1,PASS,official_model,gpt-6-luna,xhigh,pass,yes,ok
kh-gpt__gpt-6-luna__low__default__rails-ac-throttle-search__r2-shell-only-r57b-studio,r57b,shell-only,studio,rails-ac-throttle-search,2,PASS,official_model,gpt-6-luna,xhigh,pass,yes,ok
kh-gpt__gpt-6-luna__low__default__rails-ac-throttle-search__r3-shell-only-r57b-studio,r57b,shell-only,studio,rails-ac-throttle-search,3,PASS,official_model,gpt-6-luna,xhigh,pass,yes,ok
kh-gpt__gpt-6-luna__low__default__rails-ac-throttle-search__r4-shell-only-r57b-studio,r57b,shell-only,studio,rails-ac-throttle-search,4,PASS,official_model,gpt-6-luna,xhigh,pass,yes,ok
kh-gpt__gpt-6-luna__low__default__rails-ac-throttle-search__r5-shell-only-r57b-studio,r57b,shell-only,studio,rails-ac-throttle-search,5,PASS,official_model,gpt-6-luna,xhigh,pass,yes,ok
kh-gpt__gpt-6-luna__low__default__rails-ac-throttle-search__r6-shell-only-r57b-studio,r57b,shell-only,studio,rails-ac-throttle-search,6,PASS,official_model,gpt-6-luna,xhigh,pass,yes,ok
kh-gpt__gpt-6-luna__low__default__rails-ac-throttle-search__r7-shell-only-r57b-studio,r57b,shell-only,studio,rails-ac-throttle-search,7,PASS,official_model,gpt-6-luna,xhigh,pass,yes,ok
kh-gpt__gpt-6-luna__low__default__rails-ac-throttle-search__r8-shell-only-r57b-studio,r57b,shell-only,studio,rails-ac-throttle-search,8,PASS,official_model,gpt-6-luna,xhigh,pass,yes,ok
kh-gpt__gpt-6-luna__low__default__rails-aj-enqueue-after-commit__r1-default-tools-r57b-studio,r57b,default-tools,studio,rails-aj-enqueue-after-commit,1,PASS,official_model,gpt-6-luna,xhigh,pass,yes,ok
kh-gpt__gpt-6-luna__low__default__rails-aj-enqueue-after-commit__r2-default-tools-r57b-studio,r57b,default-tools,studio,rails-aj-enqueue-after-commit,2,PASS,official_model,gpt-6-luna,xhigh,pass,yes,ok
kh-gpt__gpt-6-luna__low__default__rails-aj-enqueue-after-commit__r3-default-tools-r57b-studio,r57b,default-tools,studio,rails-aj-enqueue-after-commit,3,PASS,official_model,gpt-6-luna,xhigh,pass,yes,ok
kh-gpt__gpt-6-luna__low__default__rails-aj-enqueue-after-commit__r4-default-tools-r57b-studio,r57b,default-tools,studio,rails-aj-enqueue-after-commit,4,PASS,official_model,gpt-6-luna,xhigh,pass,yes,ok
kh-gpt__gpt-6-luna__low__default__rails-aj-enqueue-after-commit__r5-default-tools-r57b-studio,r57b,default-tools,studio,rails-aj-enqueue-after-commit,5,PASS,official_model,gpt-6-luna,xhigh,pass,yes,ok
kh-gpt__gpt-6-luna__low__default__rails-aj-enqueue-after-commit__r6-default-tools-r57b-studio,r57b,default-tools,studio,rails-aj-enqueue-after-commit,6,PASS,official_model,gpt-6-luna,xhigh,pass,yes,ok
kh-gpt__gpt-6-luna__low__default__rails-aj-enqueue-after-commit__r7-default-tools-r57b-studio,r57b,default-tools,studio,rails-aj-enqueue-after-commit,7,PASS,official_model,gpt-6-luna,xhigh,pass,yes,ok
kh-gpt__gpt-6-luna__low__default__rails-aj-enqueue-after-commit__r8-default-tools-r57b-studio,r57b,default-tools,studio,rails-aj-enqueue-after-commit,8,PASS,official_model,gpt-6-luna,xhigh,pass,yes,ok
kh-gpt__gpt-6-luna__low__default__rails-aj-enqueue-after-commit__r1-shell-only-r57b-studio,r57b,shell-only,studio,rails-aj-enqueue-after-commit,1,PASS,official_model,gpt-6-luna,xhigh,pass,yes,ok
kh-gpt__gpt-6-luna__low__default__rails-aj-enqueue-after-commit__r2-shell-only-r57b-studio,r57b,shell-only,studio,rails-aj-enqueue-after-commit,2,PASS,official_model,gpt-6-luna,xhigh,pass,yes,ok
kh-gpt__gpt-6-luna__low__default__rails-aj-enqueue-after-commit__r3-shell-only-r57b-studio,r57b,shell-only,studio,rails-aj-enqueue-after-commit,3,PASS,official_model,gpt-6-luna,xhigh,pass,yes,ok
kh-gpt__gpt-6-luna__low__default__rails-aj-enqueue-after-commit__r4-shell-only-r57b-studio,r57b,shell-only,studio,rails-aj-enqueue-after-commit,4,PASS,official_model,gpt-6-luna,xhigh,pass,yes,ok
kh-gpt__gpt-6-luna__low__default__rails-aj-enqueue-after-commit__r5-shell-only-r57b-studio,r57b,shell-only,studio,rails-aj-enqueue-after-commit,5,PASS,official_model,gpt-6-luna,xhigh,pass,yes,ok
kh-gpt__gpt-6-luna__low__default__rails-aj-enqueue-after-commit__r6-shell-only-r57b-studio,r57b,shell-only,studio,rails-aj-enqueue-after-commit,6,PASS,official_model,gpt-6-luna,xhigh,pass,yes,ok
kh-gpt__gpt-6-luna__low__default__rails-aj-enqueue-after-commit__r7-shell-only-r57b-studio,r57b,shell-only,studio,rails-aj-enqueue-after-commit,7,PASS,official_model,gpt-6-luna,xhigh,pass,yes,ok
kh-gpt__gpt-6-luna__low__default__rails-aj-enqueue-after-commit__r8-shell-only-r57b-studio,r57b,shell-only,studio,rails-aj-enqueue-after-commit,8,PASS,official_model,gpt-6-luna,xhigh,pass,yes,ok
kh-gpt__gpt-6-luna__low__default__rails-ar-bulk-access-grants__r1-default-tools-r57b-studio,r57b,default-tools,studio,rails-ar-bulk-access-grants,1,PASS,official_model,gpt-6-luna,xhigh,pass,yes,ok
kh-gpt__gpt-6-luna__low__default__rails-ar-bulk-access-grants__r2-default-tools-r57b-studio,r57b,default-tools,studio,rails-ar-bulk-access-grants,2,PASS,official_model,gpt-6-luna,xhigh,pass,yes,ok
kh-gpt__gpt-6-luna__low__default__rails-ar-bulk-access-grants__r3-default-tools-r57b-studio,r57b,default-tools,studio,rails-ar-bulk-access-grants,3,PASS,official_model,gpt-6-luna,xhigh,pass,yes,ok
kh-gpt__gpt-6-luna__low__default__rails-ar-bulk-access-grants__r4-default-tools-r57b-studio,r57b,default-tools,studio,rails-ar-bulk-access-grants,4,PASS,official_model,gpt-6-luna,xhigh,pass,yes,ok
kh-gpt__gpt-6-luna__low__default__rails-ar-bulk-access-grants__r5-default-tools-r57b-studio,r57b,default-tools,studio,rails-ar-bulk-access-grants,5,PASS,official_model,gpt-6-luna,xhigh,pass,yes,ok
kh-gpt__gpt-6-luna__low__default__rails-ar-bulk-access-grants__r6-default-tools-r57b-studio,r57b,default-tools,studio,rails-ar-bulk-access-grants,6,PASS,official_model,gpt-6-luna,xhigh,pass,yes,ok
kh-gpt__gpt-6-luna__low__default__rails-ar-bulk-access-grants__r7-default-tools-r57b-studio,r57b,default-tools,studio,rails-ar-bulk-access-grants,7,PASS,official_model,gpt-6-luna,xhigh,pass,yes,ok
kh-gpt__gpt-6-luna__low__default__rails-ar-bulk-access-grants__r8-default-tools-r57b-studio,r57b,default-tools,studio,rails-ar-bulk-access-grants,8,PASS,official_model,gpt-6-luna,xhigh,pass,yes,ok
kh-gpt__gpt-6-luna__low__default__rails-ar-bulk-access-grants__r1-shell-only-r57b-studio,r57b,shell-only,studio,rails-ar-bulk-access-grants,1,PASS,official_model,gpt-6-luna,xhigh,pass,yes,ok
kh-gpt__gpt-6-luna__low__default__rails-ar-bulk-access-grants__r2-shell-only-r57b-studio,r57b,shell-only,studio,rails-ar-bulk-access-grants,2,PASS,official_model,gpt-6-luna,xhigh,pass,yes,ok
kh-gpt__gpt-6-luna__low__default__rails-ar-bulk-access-grants__r3-shell-only-r57b-studio,r57b,shell-only,studio,rails-ar-bulk-access-grants,3,PASS,official_model,gpt-6-luna,xhigh,pass,yes,ok
kh-gpt__gpt-6-luna__low__default__rails-ar-bulk-access-grants__r4-shell-only-r57b-studio,r57b,shell-only,studio,rails-ar-bulk-access-grants,4,FAIL,official_model,gpt-6-luna,xhigh,fail,yes,ok
kh-gpt__gpt-6-luna__low__default__rails-ar-bulk-access-grants__r5-shell-only-r57b-studio,r57b,shell-only,studio,rails-ar-bulk-access-grants,5,PASS,official_model,gpt-6-luna,xhigh,pass,yes,ok
kh-gpt__gpt-6-luna__low__default__rails-ar-bulk-access-grants__r6-shell-only-r57b-studio,r57b,shell-only,studio,rails-ar-bulk-access-grants,6,PASS,official_model,gpt-6-luna,xhigh,pass,yes,ok
kh-gpt__gpt-6-luna__low__default__rails-ar-bulk-access-grants__r7-shell-only-r57b-studio,r57b,shell-only,studio,rails-ar-bulk-access-grants,7,PASS,official_model,gpt-6-luna,xhigh,pass,yes,ok
kh-gpt__gpt-6-luna__low__default__rails-ar-bulk-access-grants__r8-shell-only-r57b-studio,r57b,shell-only,studio,rails-ar-bulk-access-grants,8,PASS,official_model,gpt-6-luna,xhigh,pass,yes,ok
kh-gpt__gpt-6-luna__low__default__rails-as-variant-processed-once__r1-default-tools-r57b-studio,r57b,default-tools,studio,rails-as-variant-processed-once,1,PASS,official_model,gpt-6-luna,xhigh,pass,yes,ok
kh-gpt__gpt-6-luna__low__default__rails-as-variant-processed-once__r2-default-tools-r57b-studio,r57b,default-tools,studio,rails-as-variant-processed-once,2,PASS,official_model,gpt-6-luna,xhigh,pass,yes,ok
kh-gpt__gpt-6-luna__low__default__rails-as-variant-processed-once__r3-default-tools-r57b-studio,r57b,default-tools,studio,rails-as-variant-processed-once,3,FAIL,official_model,gpt-6-luna,xhigh,fail,yes,ok
kh-gpt__gpt-6-luna__low__default__rails-as-variant-processed-once__r4-default-tools-r57b-studio,r57b,default-tools,studio,rails-as-variant-processed-once,4,PASS,official_model,gpt-6-luna,xhigh,pass,yes,ok
kh-gpt__gpt-6-luna__low__default__rails-as-variant-processed-once__r5-default-tools-r57b-studio,r57b,default-tools,studio,rails-as-variant-processed-once,5,FAIL,official_model,gpt-6-luna,xhigh,fail,yes,ok
kh-gpt__gpt-6-luna__low__default__rails-as-variant-processed-once__r6-default-tools-r57b-studio,r57b,default-tools,studio,rails-as-variant-processed-once,6,PASS,official_model,gpt-6-luna,xhigh,pass,yes,ok
kh-gpt__gpt-6-luna__low__default__rails-as-variant-processed-once__r7-default-tools-r57b-studio,r57b,default-tools,studio,rails-as-variant-processed-once,7,FAIL,official_model,gpt-6-luna,xhigh,fail,yes,ok
kh-gpt__gpt-6-luna__low__default__rails-as-variant-processed-once__r8-default-tools-r57b-studio,r57b,default-tools,studio,rails-as-variant-processed-once,8,FAIL,official_model,gpt-6-luna,xhigh,fail,yes,ok
kh-gpt__gpt-6-luna__low__default__rails-as-variant-processed-once__r1-shell-only-r57b-studio,r57b,shell-only,studio,rails-as-variant-processed-once,1,FAIL,official_model,gpt-6-luna,xhigh,fail,yes,ok
kh-gpt__gpt-6-luna__low__default__rails-as-variant-processed-once__r2-shell-only-r57b-studio,r57b,shell-only,studio,rails-as-variant-processed-once,2,FAIL,official_model,gpt-6-luna,xhigh,fail,yes,ok
kh-gpt__gpt-6-luna__low__default__rails-as-variant-processed-once__r3-shell-only-r57b-studio,r57b,shell-only,studio,rails-as-variant-processed-once,3,FAIL,official_model,gpt-6-luna,xhigh,fail,yes,ok
kh-gpt__gpt-6-luna__low__default__rails-as-variant-processed-once__r4-shell-only-r57b-studio,r57b,shell-only,studio,rails-as-variant-processed-once,4,PASS,official_model,gpt-6-luna,xhigh,pass,yes,ok
kh-gpt__gpt-6-luna__low__default__rails-as-variant-processed-once__r5-shell-only-r57b-studio,r57b,shell-only,studio,rails-as-variant-processed-once,5,PASS,official_model,gpt-6-luna,xhigh,pass,yes,ok
kh-gpt__gpt-6-luna__low__default__rails-as-variant-processed-once__r6-shell-only-r57b-studio,r57b,shell-only,studio,rails-as-variant-processed-once,6,FAIL,official_model,gpt-6-luna,xhigh,fail,yes,ok
kh-gpt__gpt-6-luna__low__default__rails-as-variant-processed-once__r7-shell-only-r57b-studio,r57b,shell-only,studio,rails-as-variant-processed-once,7,FAIL,official_model,gpt-6-luna,xhigh,fail,yes,ok
kh-gpt__gpt-6-luna__low__default__rails-as-variant-processed-once__r8-shell-only-r57b-studio,r57b,shell-only,studio,rails-as-variant-processed-once,8,PASS,official_model,gpt-6-luna,xhigh,pass,yes,ok
kh-gpt__gpt-6-luna__low__default__rails-ft-mysql-fulltext-search-foundation__r1-default-tools-r57b-studio,r57b,default-tools,studio,rails-ft-mysql-fulltext-search-foundation,1,FAIL,official_model,gpt-6-luna,xhigh,fail,yes,ok
kh-gpt__gpt-6-luna__low__default__rails-ft-mysql-fulltext-search-foundation__r2-default-tools-r57b-studio,r57b,default-tools,studio,rails-ft-mysql-fulltext-search-foundation,2,FAIL,official_model,gpt-6-luna,xhigh,fail,yes,ok
kh-gpt__gpt-6-luna__low__default__rails-ft-mysql-fulltext-search-foundation__r3-default-tools-r57b-studio,r57b,default-tools,studio,rails-ft-mysql-fulltext-search-foundation,3,FAIL,official_model,gpt-6-luna,xhigh,fail,yes,ok
kh-gpt__gpt-6-luna__low__default__rails-ft-mysql-fulltext-search-foundation__r4-default-tools-r57b-studio,r57b,default-tools,studio,rails-ft-mysql-fulltext-search-foundation,4,FAIL,official_model,gpt-6-luna,xhigh,fail,yes,ok
kh-gpt__gpt-6-luna__low__default__rails-ft-mysql-fulltext-search-foundation__r5-default-tools-r57b-studio,r57b,default-tools,studio,rails-ft-mysql-fulltext-search-foundation,5,FAIL,official_model,gpt-6-luna,xhigh,fail,yes,ok
kh-gpt__gpt-6-luna__low__default__rails-ft-mysql-fulltext-search-foundation__r6-default-tools-r57b-studio,r57b,default-tools,studio,rails-ft-mysql-fulltext-search-foundation,6,FAIL,official_model,gpt-6-luna,xhigh,fail,yes,ok
kh-gpt__gpt-6-luna__low__default__rails-ft-mysql-fulltext-search-foundation__r7-default-tools-r57b-studio,r57b,default-tools,studio,rails-ft-mysql-fulltext-search-foundation,7,FAIL,official_model,gpt-6-luna,xhigh,fail,yes,ok
kh-gpt__gpt-6-luna__low__default__rails-ft-mysql-fulltext-search-foundation__r8-default-tools-r57b-studio,r57b,default-tools,studio,rails-ft-mysql-fulltext-search-foundation,8,FAIL,official_model,gpt-6-luna,xhigh,fail,yes,ok
kh-gpt__gpt-6-luna__low__default__rails-ft-mysql-fulltext-search-foundation__r1-shell-only-r57b-studio,r57b,shell-only,studio,rails-ft-mysql-fulltext-search-foundation,1,FAIL,official_model,gpt-6-luna,xhigh,fail,yes,ok
kh-gpt__gpt-6-luna__low__default__rails-ft-mysql-fulltext-search-foundation__r2-shell-only-r57b-studio,r57b,shell-only,studio,rails-ft-mysql-fulltext-search-foundation,2,FAIL,official_model,gpt-6-luna,xhigh,fail,yes,ok
kh-gpt__gpt-6-luna__low__default__rails-ft-mysql-fulltext-search-foundation__r3-shell-only-r57b-studio,r57b,shell-only,studio,rails-ft-mysql-fulltext-search-foundation,3,FAIL,official_model,gpt-6-luna,xhigh,fail,yes,ok
kh-gpt__gpt-6-luna__low__default__rails-ft-mysql-fulltext-search-foundation__r4-shell-only-r57b-studio,r57b,shell-only,studio,rails-ft-mysql-fulltext-search-foundation,4,FAIL,official_model,gpt-6-luna,xhigh,fail,yes,ok
kh-gpt__gpt-6-luna__low__default__rails-ft-mysql-fulltext-search-foundation__r5-shell-only-r57b-studio,r57b,shell-only,studio,rails-ft-mysql-fulltext-search-foundation,5,FAIL,official_model,gpt-6-luna,xhigh,fail,yes,ok
kh-gpt__gpt-6-luna__low__default__rails-ft-mysql-fulltext-search-foundation__r6-shell-only-r57b-studio,r57b,shell-only,studio,rails-ft-mysql-fulltext-search-foundation,6,FAIL,official_model,gpt-6-luna,xhigh,fail,yes,ok
kh-gpt__gpt-6-luna__low__default__rails-ft-mysql-fulltext-search-foundation__r7-shell-only-r57b-studio,r57b,shell-only,studio,rails-ft-mysql-fulltext-search-foundation,7,FAIL,official_model,gpt-6-luna,xhigh,fail,yes,ok
kh-gpt__gpt-6-luna__low__default__rails-ft-mysql-fulltext-search-foundation__r8-shell-only-r57b-studio,r57b,shell-only,studio,rails-ft-mysql-fulltext-search-foundation,8,FAIL,official_model,gpt-6-luna,xhigh,fail,yes,ok
kh-gpt__gpt-6-luna__low__default__rails-hw-scoped-broadcast__r1-default-tools-r57b-studio,r57b,default-tools,studio,rails-hw-scoped-broadcast,1,FAIL,official_model,gpt-6-luna,xhigh,fail,yes,ok
kh-gpt__gpt-6-luna__low__default__rails-hw-scoped-broadcast__r2-default-tools-r57b-studio,r57b,default-tools,studio,rails-hw-scoped-broadcast,2,PASS,official_model,gpt-6-luna,xhigh,pass,yes,ok
kh-gpt__gpt-6-luna__low__default__rails-hw-scoped-broadcast__r3-default-tools-r57b-studio,r57b,default-tools,studio,rails-hw-scoped-broadcast,3,PASS,official_model,gpt-6-luna,xhigh,pass,yes,ok
kh-gpt__gpt-6-luna__low__default__rails-hw-scoped-broadcast__r4-default-tools-r57b-studio,r57b,default-tools,studio,rails-hw-scoped-broadcast,4,PASS,official_model,gpt-6-luna,xhigh,pass,yes,ok
kh-gpt__gpt-6-luna__low__default__rails-hw-scoped-broadcast__r5-default-tools-r57b-studio,r57b,default-tools,studio,rails-hw-scoped-broadcast,5,PASS,official_model,gpt-6-luna,xhigh,pass,yes,ok
kh-gpt__gpt-6-luna__low__default__rails-hw-scoped-broadcast__r6-default-tools-r57b-studio,r57b,default-tools,studio,rails-hw-scoped-broadcast,6,PASS,official_model,gpt-6-luna,xhigh,pass,yes,ok
kh-gpt__gpt-6-luna__low__default__rails-hw-scoped-broadcast__r7-default-tools-r57b-studio,r57b,default-tools,studio,rails-hw-scoped-broadcast,7,PASS,official_model,gpt-6-luna,xhigh,pass,yes,ok
kh-gpt__gpt-6-luna__low__default__rails-hw-scoped-broadcast__r8-default-tools-r57b-studio,r57b,default-tools,studio,rails-hw-scoped-broadcast,8,PASS,official_model,gpt-6-luna,xhigh,pass,yes,ok
kh-gpt__gpt-6-luna__low__default__rails-hw-scoped-broadcast__r1-shell-only-r57b-studio,r57b,shell-only,studio,rails-hw-scoped-broadcast,1,PASS,official_model,gpt-6-luna,xhigh,pass,yes,ok
kh-gpt__gpt-6-luna__low__default__rails-hw-scoped-broadcast__r2-shell-only-r57b-studio,r57b,shell-only,studio,rails-hw-scoped-broadcast,2,PASS,official_model,gpt-6-luna,xhigh,pass,yes,ok
kh-gpt__gpt-6-luna__low__default__rails-hw-scoped-broadcast__r3-shell-only-r57b-studio,r57b,shell-only,studio,rails-hw-scoped-broadcast,3,PASS,official_model,gpt-6-luna,xhigh,pass,yes,ok
kh-gpt__gpt-6-luna__low__default__rails-hw-scoped-broadcast__r4-shell-only-r57b-studio,r57b,shell-only,studio,rails-hw-scoped-broadcast,4,FAIL,official_model,gpt-6-luna,xhigh,fail,yes,ok
kh-gpt__gpt-6-luna__low__default__rails-hw-scoped-broadcast__r5-shell-only-r57b-studio,r57b,shell-only,studio,rails-hw-scoped-broadcast,5,PASS,official_model,gpt-6-luna,xhigh,pass,yes,ok
kh-gpt__gpt-6-luna__low__default__rails-hw-scoped-broadcast__r6-shell-only-r57b-studio,r57b,shell-only,studio,rails-hw-scoped-broadcast,6,FAIL,official_model,gpt-6-luna,xhigh,fail,yes,ok
kh-gpt__gpt-6-luna__low__default__rails-hw-scoped-broadcast__r7-shell-only-r57b-studio,r57b,shell-only,studio,rails-hw-scoped-broadcast,7,PASS,official_model,gpt-6-luna,xhigh,pass,yes,ok
kh-gpt__gpt-6-luna__low__default__rails-hw-scoped-broadcast__r8-shell-only-r57b-studio,r57b,shell-only,studio,rails-hw-scoped-broadcast,8,PASS,official_model,gpt-6-luna,xhigh,pass,yes,ok
r57c-eu-elx05-eu-elx-05-cache-single-flight-default-tools-r1,r57c,default-tools,eu,elx-05-cache-single-flight,1,PASS,official_model,gpt-6-luna,xhigh,pass,yes,ok
r57c-eu-elx05-eu-elx-05-cache-single-flight-default-tools-r2,r57c,default-tools,eu,elx-05-cache-single-flight,2,PASS,official_model,gpt-6-luna,xhigh,pass,yes,ok
r57c-eu-elx05-eu-elx-05-cache-single-flight-default-tools-r3,r57c,default-tools,eu,elx-05-cache-single-flight,3,PASS,official_model,gpt-6-luna,xhigh,pass,yes,ok
r57c-eu-elx05-eu-elx-05-cache-single-flight-default-tools-r4,r57c,default-tools,eu,elx-05-cache-single-flight,4,PASS,official_model,gpt-6-luna,xhigh,pass,yes,ok
r57c-eu-elx05-eu-elx-05-cache-single-flight-default-tools-r5,r57c,default-tools,eu,elx-05-cache-single-flight,5,PASS,official_model,gpt-6-luna,xhigh,pass,yes,ok
r57c-eu-elx05-eu-elx-05-cache-single-flight-default-tools-r6,r57c,default-tools,eu,elx-05-cache-single-flight,6,PASS,official_model,gpt-6-luna,xhigh,pass,yes,ok
r57c-eu-elx05-eu-elx-05-cache-single-flight-default-tools-r7,r57c,default-tools,eu,elx-05-cache-single-flight,7,PASS,official_model,gpt-6-luna,xhigh,pass,yes,ok
r57c-eu-elx05-eu-elx-05-cache-single-flight-default-tools-r8,r57c,default-tools,eu,elx-05-cache-single-flight,8,PASS,official_model,gpt-6-luna,xhigh,pass,yes,ok
r57c-eu-elx05-eu-elx-05-cache-single-flight-shell-only-r1,r57c,shell-only,eu,elx-05-cache-single-flight,1,PASS,official_model,gpt-6-luna,xhigh,pass,yes,ok
r57c-eu-elx05-eu-elx-05-cache-single-flight-shell-only-r2,r57c,shell-only,eu,elx-05-cache-single-flight,2,PASS,official_model,gpt-6-luna,xhigh,pass,yes,ok
r57c-eu-elx05-eu-elx-05-cache-single-flight-shell-only-r3,r57c,shell-only,eu,elx-05-cache-single-flight,3,PASS,official_model,gpt-6-luna,xhigh,pass,yes,ok
r57c-eu-elx05-eu-elx-05-cache-single-flight-shell-only-r4,r57c,shell-only,eu,elx-05-cache-single-flight,4,PASS,official_model,gpt-6-luna,xhigh,pass,yes,ok
r57c-eu-elx05-eu-elx-05-cache-single-flight-shell-only-r5,r57c,shell-only,eu,elx-05-cache-single-flight,5,PASS,official_model,gpt-6-luna,xhigh,pass,yes,ok
r57c-eu-elx05-eu-elx-05-cache-single-flight-shell-only-r6,r57c,shell-only,eu,elx-05-cache-single-flight,6,PASS,official_model,gpt-6-luna,xhigh,pass,yes,ok
r57c-eu-elx05-eu-elx-05-cache-single-flight-shell-only-r7,r57c,shell-only,eu,elx-05-cache-single-flight,7,PASS,official_model,gpt-6-luna,xhigh,pass,yes,ok
r57c-eu-elx05-eu-elx-05-cache-single-flight-shell-only-r8,r57c,shell-only,eu,elx-05-cache-single-flight,8,PASS,official_model,gpt-6-luna,xhigh,pass,yes,ok
r57c-eu-elx07-eu-elx-07-cli-stats-default-tools-r1,r57c,default-tools,eu,elx-07-cli-stats,1,PASS,official_model,gpt-6-luna,xhigh,pass,yes,ok
r57c-eu-elx07-eu-elx-07-cli-stats-default-tools-r2,r57c,default-tools,eu,elx-07-cli-stats,2,FAIL,official_model,gpt-6-luna,xhigh,fail,yes,ok
r57c-eu-elx07-eu-elx-07-cli-stats-default-tools-r3,r57c,default-tools,eu,elx-07-cli-stats,3,PASS,official_model,gpt-6-luna,xhigh,pass,yes,ok
r57c-eu-elx07-eu-elx-07-cli-stats-default-tools-r4,r57c,default-tools,eu,elx-07-cli-stats,4,PASS,official_model,gpt-6-luna,xhigh,pass,yes,ok
r57c-eu-elx07-eu-elx-07-cli-stats-default-tools-r5,r57c,default-tools,eu,elx-07-cli-stats,5,FAIL,official_model,gpt-6-luna,xhigh,fail,yes,ok
r57c-eu-elx07-eu-elx-07-cli-stats-default-tools-r6,r57c,default-tools,eu,elx-07-cli-stats,6,PASS,official_model,gpt-6-luna,xhigh,pass,yes,ok
r57c-eu-elx07-eu-elx-07-cli-stats-default-tools-r7,r57c,default-tools,eu,elx-07-cli-stats,7,PASS,official_model,gpt-6-luna,xhigh,pass,yes,ok
r57c-eu-elx07-eu-elx-07-cli-stats-default-tools-r8,r57c,default-tools,eu,elx-07-cli-stats,8,PASS,official_model,gpt-6-luna,xhigh,pass,yes,ok
r57c-eu-elx07-eu-elx-07-cli-stats-shell-only-r1,r57c,shell-only,eu,elx-07-cli-stats,1,PASS,official_model,gpt-6-luna,xhigh,pass,yes,ok
r57c-eu-elx07-eu-elx-07-cli-stats-shell-only-r2,r57c,shell-only,eu,elx-07-cli-stats,2,FAIL,official_model,gpt-6-luna,xhigh,fail,yes,ok
r57c-eu-elx07-eu-elx-07-cli-stats-shell-only-r3,r57c,shell-only,eu,elx-07-cli-stats,3,FAIL,official_model,gpt-6-luna,xhigh,fail,yes,ok
r57c-eu-elx07-eu-elx-07-cli-stats-shell-only-r4,r57c,shell-only,eu,elx-07-cli-stats,4,FAIL,official_model,gpt-6-luna,xhigh,fail,yes,ok
r57c-eu-elx07-eu-elx-07-cli-stats-shell-only-r5,r57c,shell-only,eu,elx-07-cli-stats,5,PASS,official_model,gpt-6-luna,xhigh,pass,yes,ok
r57c-eu-elx07-eu-elx-07-cli-stats-shell-only-r6,r57c,shell-only,eu,elx-07-cli-stats,6,PASS,official_model,gpt-6-luna,xhigh,pass,yes,ok
r57c-eu-elx07-eu-elx-07-cli-stats-shell-only-r7,r57c,shell-only,eu,elx-07-cli-stats,7,FAIL,official_model,gpt-6-luna,xhigh,fail,yes,ok
r57c-eu-elx07-eu-elx-07-cli-stats-shell-only-r8,r57c,shell-only,eu,elx-07-cli-stats,8,PASS,official_model,gpt-6-luna,xhigh,pass,yes,ok
r57c-eu-elx12-eu-elx-12-retry-api-deprecation-default-tools-r1,r57c,default-tools,eu,elx-12-retry-api-deprecation,1,FAIL,official_model,gpt-6-luna,xhigh,fail,yes,ok
r57c-eu-elx12-eu-elx-12-retry-api-deprecation-default-tools-r2,r57c,default-tools,eu,elx-12-retry-api-deprecation,2,FAIL,official_model,gpt-6-luna,xhigh,fail,yes,ok
r57c-eu-elx12-eu-elx-12-retry-api-deprecation-default-tools-r3,r57c,default-tools,eu,elx-12-retry-api-deprecation,3,PASS,official_model,gpt-6-luna,xhigh,pass,yes,ok
r57c-eu-elx12-eu-elx-12-retry-api-deprecation-default-tools-r4,r57c,default-tools,eu,elx-12-retry-api-deprecation,4,PASS,official_model,gpt-6-luna,xhigh,pass,yes,ok
r57c-eu-elx12-eu-elx-12-retry-api-deprecation-default-tools-r5,r57c,default-tools,eu,elx-12-retry-api-deprecation,5,FAIL,official_model,gpt-6-luna,xhigh,fail,yes,ok
r57c-eu-elx12-eu-elx-12-retry-api-deprecation-default-tools-r6,r57c,default-tools,eu,elx-12-retry-api-deprecation,6,FAIL,official_model,gpt-6-luna,xhigh,fail,yes,ok
r57c-eu-elx12-eu-elx-12-retry-api-deprecation-default-tools-r7,r57c,default-tools,eu,elx-12-retry-api-deprecation,7,PASS,official_model,gpt-6-luna,xhigh,pass,yes,ok
r57c-eu-elx12-eu-elx-12-retry-api-deprecation-default-tools-r8,r57c,default-tools,eu,elx-12-retry-api-deprecation,8,FAIL,official_model,gpt-6-luna,xhigh,fail,yes,ok
r57c-eu-elx12-eu-elx-12-retry-api-deprecation-shell-only-r1,r57c,shell-only,eu,elx-12-retry-api-deprecation,1,FAIL,official_model,gpt-6-luna,xhigh,fail,yes,ok
r57c-eu-elx12-eu-elx-12-retry-api-deprecation-shell-only-r2,r57c,shell-only,eu,elx-12-retry-api-deprecation,2,PASS,official_model,gpt-6-luna,xhigh,pass,yes,ok
r57c-eu-elx12-eu-elx-12-retry-api-deprecation-shell-only-r3,r57c,shell-only,eu,elx-12-retry-api-deprecation,3,PASS,official_model,gpt-6-luna,xhigh,pass,yes,ok
r57c-eu-elx12-eu-elx-12-retry-api-deprecation-shell-only-r4,r57c,shell-only,eu,elx-12-retry-api-deprecation,4,PASS,official_model,gpt-6-luna,xhigh,pass,yes,ok
r57c-eu-elx12-eu-elx-12-retry-api-deprecation-shell-only-r5,r57c,shell-only,eu,elx-12-retry-api-deprecation,5,FAIL,official_model,gpt-6-luna,xhigh,fail,yes,ok
r57c-eu-elx12-eu-elx-12-retry-api-deprecation-shell-only-r6,r57c,shell-only,eu,elx-12-retry-api-deprecation,6,PASS,official_model,gpt-6-luna,xhigh,pass,yes,ok
r57c-eu-elx12-eu-elx-12-retry-api-deprecation-shell-only-r7,r57c,shell-only,eu,elx-12-retry-api-deprecation,7,PASS,official_model,gpt-6-luna,xhigh,pass,yes,ok
r57c-eu-elx12-eu-elx-12-retry-api-deprecation-shell-only-r8,r57c,shell-only,eu,elx-12-retry-api-deprecation,8,FAIL,official_model,gpt-6-luna,xhigh,fail,yes,ok
r57c-eu-syn13-eu-syn-13-bug-empty-filter-crash-default-tools-r1,r57c,default-tools,eu,syn-13-bug-empty-filter-crash,1,PASS,official_model,gpt-6-luna,xhigh,pass,yes,ok
r57c-eu-syn13-eu-syn-13-bug-empty-filter-crash-default-tools-r2,r57c,default-tools,eu,syn-13-bug-empty-filter-crash,2,PASS,official_model,gpt-6-luna,xhigh,pass,yes,ok
r57c-eu-syn13-eu-syn-13-bug-empty-filter-crash-default-tools-r3,r57c,default-tools,eu,syn-13-bug-empty-filter-crash,3,PASS,official_model,gpt-6-luna,xhigh,pass,yes,ok
r57c-eu-syn13-eu-syn-13-bug-empty-filter-crash-default-tools-r4,r57c,default-tools,eu,syn-13-bug-empty-filter-crash,4,PASS,official_model,gpt-6-luna,xhigh,pass,yes,ok
r57c-eu-syn13-eu-syn-13-bug-empty-filter-crash-default-tools-r5,r57c,default-tools,eu,syn-13-bug-empty-filter-crash,5,PASS,official_model,gpt-6-luna,xhigh,pass,yes,ok
r57c-eu-syn13-eu-syn-13-bug-empty-filter-crash-default-tools-r6,r57c,default-tools,eu,syn-13-bug-empty-filter-crash,6,PASS,official_model,gpt-6-luna,xhigh,pass,yes,ok
r57c-eu-syn13-eu-syn-13-bug-empty-filter-crash-default-tools-r7,r57c,default-tools,eu,syn-13-bug-empty-filter-crash,7,PASS,official_model,gpt-6-luna,xhigh,pass,yes,ok
r57c-eu-syn13-eu-syn-13-bug-empty-filter-crash-default-tools-r8,r57c,default-tools,eu,syn-13-bug-empty-filter-crash,8,PASS,official_model,gpt-6-luna,xhigh,pass,yes,ok
r57c-eu-syn13-eu-syn-13-bug-empty-filter-crash-shell-only-r1,r57c,shell-only,eu,syn-13-bug-empty-filter-crash,1,PASS,official_model,gpt-6-luna,xhigh,pass,yes,ok
r57c-eu-syn13-eu-syn-13-bug-empty-filter-crash-shell-only-r2,r57c,shell-only,eu,syn-13-bug-empty-filter-crash,2,PASS,official_model,gpt-6-luna,xhigh,pass,yes,ok
r57c-eu-syn13-eu-syn-13-bug-empty-filter-crash-shell-only-r3,r57c,shell-only,eu,syn-13-bug-empty-filter-crash,3,PASS,official_model,gpt-6-luna,xhigh,pass,yes,ok
r57c-eu-syn13-eu-syn-13-bug-empty-filter-crash-shell-only-r4,r57c,shell-only,eu,syn-13-bug-empty-filter-crash,4,PASS,official_model,gpt-6-luna,xhigh,pass,yes,ok
r57c-eu-syn13-eu-syn-13-bug-empty-filter-crash-shell-only-r5,r57c,shell-only,eu,syn-13-bug-empty-filter-crash,5,PASS,official_model,gpt-6-luna,xhigh,pass,yes,ok
r57c-eu-syn13-eu-syn-13-bug-empty-filter-crash-shell-only-r6,r57c,shell-only,eu,syn-13-bug-empty-filter-crash,6,PASS,official_model,gpt-6-luna,xhigh,pass,yes,ok
r57c-eu-syn13-eu-syn-13-bug-empty-filter-crash-shell-only-r7,r57c,shell-only,eu,syn-13-bug-empty-filter-crash,7,PASS,official_model,gpt-6-luna,xhigh,pass,yes,ok
r57c-eu-syn13-eu-syn-13-bug-empty-filter-crash-shell-only-r8,r57c,shell-only,eu,syn-13-bug-empty-filter-crash,8,PASS,official_model,gpt-6-luna,xhigh,pass,yes,ok
r57c-eu-syn14-eu-syn-14-bug-sla-business-hours-default-tools-r1,r57c,default-tools,eu,syn-14-bug-sla-business-hours,1,PASS,official_model,gpt-6-luna,xhigh,pass,yes,ok
r57c-eu-syn14-eu-syn-14-bug-sla-business-hours-default-tools-r2,r57c,default-tools,eu,syn-14-bug-sla-business-hours,2,PASS,official_model,gpt-6-luna,xhigh,pass,yes,ok
r57c-eu-syn14-eu-syn-14-bug-sla-business-hours-default-tools-r3,r57c,default-tools,eu,syn-14-bug-sla-business-hours,3,PASS,official_model,gpt-6-luna,xhigh,pass,yes,ok
r57c-eu-syn14-eu-syn-14-bug-sla-business-hours-default-tools-r4,r57c,default-tools,eu,syn-14-bug-sla-business-hours,4,PASS,official_model,gpt-6-luna,xhigh,pass,yes,ok
r57c-eu-syn14-eu-syn-14-bug-sla-business-hours-default-tools-r5,r57c,default-tools,eu,syn-14-bug-sla-business-hours,5,PASS,official_model,gpt-6-luna,xhigh,pass,yes,ok
r57c-eu-syn14-eu-syn-14-bug-sla-business-hours-default-tools-r6,r57c,default-tools,eu,syn-14-bug-sla-business-hours,6,PASS,official_model,gpt-6-luna,xhigh,pass,yes,ok
r57c-eu-syn14-eu-syn-14-bug-sla-business-hours-default-tools-r7,r57c,default-tools,eu,syn-14-bug-sla-business-hours,7,PASS,official_model,gpt-6-luna,xhigh,pass,yes,ok
r57c-eu-syn14-eu-syn-14-bug-sla-business-hours-default-tools-r8,r57c,default-tools,eu,syn-14-bug-sla-business-hours,8,PASS,official_model,gpt-6-luna,xhigh,pass,yes,ok
r57c-eu-syn14-eu-syn-14-bug-sla-business-hours-shell-only-r1,r57c,shell-only,eu,syn-14-bug-sla-business-hours,1,PASS,official_model,gpt-6-luna,xhigh,pass,yes,ok
r57c-eu-syn14-eu-syn-14-bug-sla-business-hours-shell-only-r2,r57c,shell-only,eu,syn-14-bug-sla-business-hours,2,PASS,official_model,gpt-6-luna,xhigh,pass,yes,ok
r57c-eu-syn14-eu-syn-14-bug-sla-business-hours-shell-only-r3,r57c,shell-only,eu,syn-14-bug-sla-business-hours,3,PASS,official_model,gpt-6-luna,xhigh,pass,yes,ok
r57c-eu-syn14-eu-syn-14-bug-sla-business-hours-shell-only-r4,r57c,shell-only,eu,syn-14-bug-sla-business-hours,4,PASS,official_model,gpt-6-luna,xhigh,pass,yes,ok
r57c-eu-syn14-eu-syn-14-bug-sla-business-hours-shell-only-r5,r57c,shell-only,eu,syn-14-bug-sla-business-hours,5,PASS,official_model,gpt-6-luna,xhigh,pass,yes,ok
r57c-eu-syn14-eu-syn-14-bug-sla-business-hours-shell-only-r6,r57c,shell-only,eu,syn-14-bug-sla-business-hours,6,PASS,official_model,gpt-6-luna,xhigh,pass,yes,ok
r57c-eu-syn14-eu-syn-14-bug-sla-business-hours-shell-only-r7,r57c,shell-only,eu,syn-14-bug-sla-business-hours,7,PASS,official_model,gpt-6-luna,xhigh,pass,yes,ok
r57c-eu-syn14-eu-syn-14-bug-sla-business-hours-shell-only-r8,r57c,shell-only,eu,syn-14-bug-sla-business-hours,8,PASS,official_model,gpt-6-luna,xhigh,pass,yes,ok
kh-gpt__gpt-6-luna__low__default__rails-ac-throttle-search__r9-default-tools-r57d-studio,r57d,default-tools,studio,rails-ac-throttle-search,9,FAIL,official_model,gpt-6-luna,xhigh,fail,yes,ok
kh-gpt__gpt-6-luna__low__default__rails-ac-throttle-search__r10-default-tools-r57d-studio,r57d,default-tools,studio,rails-ac-throttle-search,10,PASS,official_model,gpt-6-luna,xhigh,pass,yes,ok
kh-gpt__gpt-6-luna__low__default__rails-ac-throttle-search__r11-default-tools-r57d-studio,r57d,default-tools,studio,rails-ac-throttle-search,11,PASS,official_model,gpt-6-luna,xhigh,pass,yes,ok
kh-gpt__gpt-6-luna__low__default__rails-ac-throttle-search__r12-default-tools-r57d-studio,r57d,default-tools,studio,rails-ac-throttle-search,12,PASS,official_model,gpt-6-luna,xhigh,pass,yes,ok
kh-gpt__gpt-6-luna__low__default__rails-ac-throttle-search__r13-default-tools-r57d-studio,r57d,default-tools,studio,rails-ac-throttle-search,13,PASS,official_model,gpt-6-luna,xhigh,pass,yes,ok
kh-gpt__gpt-6-luna__low__default__rails-ac-throttle-search__r14-default-tools-r57d-studio,r57d,default-tools,studio,rails-ac-throttle-search,14,FAIL,official_model,gpt-6-luna,xhigh,fail,yes,ok
kh-gpt__gpt-6-luna__low__default__rails-ac-throttle-search__r15-default-tools-r57d-studio,r57d,default-tools,studio,rails-ac-throttle-search,15,PASS,official_model,gpt-6-luna,xhigh,pass,yes,ok
kh-gpt__gpt-6-luna__low__default__rails-ac-throttle-search__r16-default-tools-r57d-studio,r57d,default-tools,studio,rails-ac-throttle-search,16,PASS,official_model,gpt-6-luna,xhigh,pass,yes,ok
kh-gpt__gpt-6-luna__low__default__rails-ac-throttle-search__r9-shell-only-r57d-studio,r57d,shell-only,studio,rails-ac-throttle-search,9,PASS,official_model,gpt-6-luna,xhigh,pass,yes,ok
kh-gpt__gpt-6-luna__low__default__rails-ac-throttle-search__r10-shell-only-r57d-studio,r57d,shell-only,studio,rails-ac-throttle-search,10,FAIL,official_model,gpt-6-luna,xhigh,fail,yes,ok
kh-gpt__gpt-6-luna__low__default__rails-ac-throttle-search__r11-shell-only-r57d-studio,r57d,shell-only,studio,rails-ac-throttle-search,11,PASS,official_model,gpt-6-luna,xhigh,pass,yes,ok
kh-gpt__gpt-6-luna__low__default__rails-ac-throttle-search__r12-shell-only-r57d-studio,r57d,shell-only,studio,rails-ac-throttle-search,12,PASS,official_model,gpt-6-luna,xhigh,pass,yes,ok
kh-gpt__gpt-6-luna__low__default__rails-ac-throttle-search__r13-shell-only-r57d-studio,r57d,shell-only,studio,rails-ac-throttle-search,13,PASS,official_model,gpt-6-luna,xhigh,pass,yes,ok
kh-gpt__gpt-6-luna__low__default__rails-ac-throttle-search__r14-shell-only-r57d-studio,r57d,shell-only,studio,rails-ac-throttle-search,14,PASS,official_model,gpt-6-luna,xhigh,pass,yes,ok
kh-gpt__gpt-6-luna__low__default__rails-ac-throttle-search__r15-shell-only-r57d-studio,r57d,shell-only,studio,rails-ac-throttle-search,15,PASS,official_model,gpt-6-luna,xhigh,pass,yes,ok
kh-gpt__gpt-6-luna__low__default__rails-ac-throttle-search__r16-shell-only-r57d-studio,r57d,shell-only,studio,rails-ac-throttle-search,16,FAIL,official_model,gpt-6-luna,xhigh,fail,yes,ok
kh-gpt__gpt-6-luna__low__default__rails-aj-enqueue-after-commit__r9-default-tools-r57d-studio,r57d,default-tools,studio,rails-aj-enqueue-after-commit,9,PASS,official_model,gpt-6-luna,xhigh,pass,yes,ok
kh-gpt__gpt-6-luna__low__default__rails-aj-enqueue-after-commit__r10-default-tools-r57d-studio,r57d,default-tools,studio,rails-aj-enqueue-after-commit,10,PASS,official_model,gpt-6-luna,xhigh,pass,yes,ok
kh-gpt__gpt-6-luna__low__default__rails-aj-enqueue-after-commit__r11-default-tools-r57d-studio,r57d,default-tools,studio,rails-aj-enqueue-after-commit,11,PASS,official_model,gpt-6-luna,xhigh,pass,yes,ok
kh-gpt__gpt-6-luna__low__default__rails-aj-enqueue-after-commit__r12-default-tools-r57d-studio,r57d,default-tools,studio,rails-aj-enqueue-after-commit,12,PASS,official_model,gpt-6-luna,xhigh,pass,yes,ok
kh-gpt__gpt-6-luna__low__default__rails-aj-enqueue-after-commit__r13-default-tools-r57d-studio,r57d,default-tools,studio,rails-aj-enqueue-after-commit,13,PASS,official_model,gpt-6-luna,xhigh,pass,yes,ok
kh-gpt__gpt-6-luna__low__default__rails-aj-enqueue-after-commit__r14-default-tools-r57d-studio,r57d,default-tools,studio,rails-aj-enqueue-after-commit,14,PASS,official_model,gpt-6-luna,xhigh,pass,yes,ok
kh-gpt__gpt-6-luna__low__default__rails-aj-enqueue-after-commit__r15-default-tools-r57d-studio,r57d,default-tools,studio,rails-aj-enqueue-after-commit,15,PASS,official_model,gpt-6-luna,xhigh,pass,yes,ok
kh-gpt__gpt-6-luna__low__default__rails-aj-enqueue-after-commit__r16-default-tools-r57d-studio,r57d,default-tools,studio,rails-aj-enqueue-after-commit,16,PASS,official_model,gpt-6-luna,xhigh,pass,yes,ok
kh-gpt__gpt-6-luna__low__default__rails-aj-enqueue-after-commit__r9-shell-only-r57d-studio,r57d,shell-only,studio,rails-aj-enqueue-after-commit,9,PASS,official_model,gpt-6-luna,xhigh,pass,yes,ok
kh-gpt__gpt-6-luna__low__default__rails-aj-enqueue-after-commit__r10-shell-only-r57d-studio,r57d,shell-only,studio,rails-aj-enqueue-after-commit,10,PASS,official_model,gpt-6-luna,xhigh,pass,yes,ok
kh-gpt__gpt-6-luna__low__default__rails-aj-enqueue-after-commit__r11-shell-only-r57d-studio,r57d,shell-only,studio,rails-aj-enqueue-after-commit,11,PASS,official_model,gpt-6-luna,xhigh,pass,yes,ok
kh-gpt__gpt-6-luna__low__default__rails-aj-enqueue-after-commit__r12-shell-only-r57d-studio,r57d,shell-only,studio,rails-aj-enqueue-after-commit,12,PASS,official_model,gpt-6-luna,xhigh,pass,yes,ok
kh-gpt__gpt-6-luna__low__default__rails-aj-enqueue-after-commit__r13-shell-only-r57d-studio,r57d,shell-only,studio,rails-aj-enqueue-after-commit,13,PASS,official_model,gpt-6-luna,xhigh,pass,yes,ok
kh-gpt__gpt-6-luna__low__default__rails-aj-enqueue-after-commit__r14-shell-only-r57d-studio,r57d,shell-only,studio,rails-aj-enqueue-after-commit,14,PASS,official_model,gpt-6-luna,xhigh,pass,yes,ok
kh-gpt__gpt-6-luna__low__default__rails-aj-enqueue-after-commit__r15-shell-only-r57d-studio,r57d,shell-only,studio,rails-aj-enqueue-after-commit,15,PASS,official_model,gpt-6-luna,xhigh,pass,yes,ok
kh-gpt__gpt-6-luna__low__default__rails-aj-enqueue-after-commit__r16-shell-only-r57d-studio,r57d,shell-only,studio,rails-aj-enqueue-after-commit,16,PASS,official_model,gpt-6-luna,xhigh,pass,yes,ok
kh-gpt__gpt-6-luna__low__default__rails-ar-bulk-access-grants__r9-default-tools-r57d-studio,r57d,default-tools,studio,rails-ar-bulk-access-grants,9,PASS,official_model,gpt-6-luna,xhigh,pass,yes,ok
kh-gpt__gpt-6-luna__low__default__rails-ar-bulk-access-grants__r10-default-tools-r57d-studio,r57d,default-tools,studio,rails-ar-bulk-access-grants,10,FAIL,official_model,gpt-6-luna,xhigh,fail,yes,ok
kh-gpt__gpt-6-luna__low__default__rails-ar-bulk-access-grants__r11-default-tools-r57d-studio,r57d,default-tools,studio,rails-ar-bulk-access-grants,11,PASS,official_model,gpt-6-luna,xhigh,pass,yes,ok
kh-gpt__gpt-6-luna__low__default__rails-ar-bulk-access-grants__r12-default-tools-r57d-studio,r57d,default-tools,studio,rails-ar-bulk-access-grants,12,PASS,official_model,gpt-6-luna,xhigh,pass,yes,ok
kh-gpt__gpt-6-luna__low__default__rails-ar-bulk-access-grants__r13-default-tools-r57d-studio,r57d,default-tools,studio,rails-ar-bulk-access-grants,13,PASS,official_model,gpt-6-luna,xhigh,pass,yes,ok
kh-gpt__gpt-6-luna__low__default__rails-ar-bulk-access-grants__r14-default-tools-r57d-studio,r57d,default-tools,studio,rails-ar-bulk-access-grants,14,PASS,official_model,gpt-6-luna,xhigh,pass,yes,ok
kh-gpt__gpt-6-luna__low__default__rails-ar-bulk-access-grants__r15-default-tools-r57d-studio,r57d,default-tools,studio,rails-ar-bulk-access-grants,15,PASS,official_model,gpt-6-luna,xhigh,pass,yes,ok
kh-gpt__gpt-6-luna__low__default__rails-ar-bulk-access-grants__r16-default-tools-r57d-studio,r57d,default-tools,studio,rails-ar-bulk-access-grants,16,PASS,official_model,gpt-6-luna,xhigh,pass,yes,ok
kh-gpt__gpt-6-luna__low__default__rails-ar-bulk-access-grants__r9-shell-only-r57d-studio,r57d,shell-only,studio,rails-ar-bulk-access-grants,9,PASS,official_model,gpt-6-luna,xhigh,pass,yes,ok
kh-gpt__gpt-6-luna__low__default__rails-ar-bulk-access-grants__r10-shell-only-r57d-studio,r57d,shell-only,studio,rails-ar-bulk-access-grants,10,PASS,official_model,gpt-6-luna,xhigh,pass,yes,ok
kh-gpt__gpt-6-luna__low__default__rails-ar-bulk-access-grants__r11-shell-only-r57d-studio,r57d,shell-only,studio,rails-ar-bulk-access-grants,11,PASS,official_model,gpt-6-luna,xhigh,pass,yes,ok
kh-gpt__gpt-6-luna__low__default__rails-ar-bulk-access-grants__r12-shell-only-r57d-studio,r57d,shell-only,studio,rails-ar-bulk-access-grants,12,PASS,official_model,gpt-6-luna,xhigh,pass,yes,ok
kh-gpt__gpt-6-luna__low__default__rails-ar-bulk-access-grants__r13-shell-only-r57d-studio,r57d,shell-only,studio,rails-ar-bulk-access-grants,13,PASS,official_model,gpt-6-luna,xhigh,pass,yes,ok
kh-gpt__gpt-6-luna__low__default__rails-ar-bulk-access-grants__r14-shell-only-r57d-studio,r57d,shell-only,studio,rails-ar-bulk-access-grants,14,PASS,official_model,gpt-6-luna,xhigh,pass,yes,ok
kh-gpt__gpt-6-luna__low__default__rails-ar-bulk-access-grants__r15-shell-only-r57d-studio,r57d,shell-only,studio,rails-ar-bulk-access-grants,15,PASS,official_model,gpt-6-luna,xhigh,pass,yes,ok
kh-gpt__gpt-6-luna__low__default__rails-ar-bulk-access-grants__r16-shell-only-r57d-studio,r57d,shell-only,studio,rails-ar-bulk-access-grants,16,PASS,official_model,gpt-6-luna,xhigh,pass,yes,ok
kh-gpt__gpt-6-luna__low__default__rails-as-variant-processed-once__r9-default-tools-r57d-studio,r57d,default-tools,studio,rails-as-variant-processed-once,9,FAIL,official_model,gpt-6-luna,xhigh,fail,yes,ok
kh-gpt__gpt-6-luna__low__default__rails-as-variant-processed-once__r10-default-tools-r57d-studio,r57d,default-tools,studio,rails-as-variant-processed-once,10,FAIL,official_model,gpt-6-luna,xhigh,fail,yes,ok
kh-gpt__gpt-6-luna__low__default__rails-as-variant-processed-once__r11-default-tools-r57d-studio,r57d,default-tools,studio,rails-as-variant-processed-once,11,FAIL,official_model,gpt-6-luna,xhigh,fail,yes,ok
kh-gpt__gpt-6-luna__low__default__rails-as-variant-processed-once__r12-default-tools-r57d-studio,r57d,default-tools,studio,rails-as-variant-processed-once,12,FAIL,official_model,gpt-6-luna,xhigh,fail,yes,ok
kh-gpt__gpt-6-luna__low__default__rails-as-variant-processed-once__r13-default-tools-r57d-studio,r57d,default-tools,studio,rails-as-variant-processed-once,13,FAIL,official_model,gpt-6-luna,xhigh,fail,yes,ok
kh-gpt__gpt-6-luna__low__default__rails-as-variant-processed-once__r14-default-tools-r57d-studio,r57d,default-tools,studio,rails-as-variant-processed-once,14,PASS,official_model,gpt-6-luna,xhigh,pass,yes,ok
kh-gpt__gpt-6-luna__low__default__rails-as-variant-processed-once__r15-default-tools-r57d-studio,r57d,default-tools,studio,rails-as-variant-processed-once,15,FAIL,official_model,gpt-6-luna,xhigh,fail,yes,ok
kh-gpt__gpt-6-luna__low__default__rails-as-variant-processed-once__r16-default-tools-r57d-studio,r57d,default-tools,studio,rails-as-variant-processed-once,16,FAIL,official_model,gpt-6-luna,xhigh,fail,yes,ok
kh-gpt__gpt-6-luna__low__default__rails-as-variant-processed-once__r9-shell-only-r57d-studio,r57d,shell-only,studio,rails-as-variant-processed-once,9,PASS,official_model,gpt-6-luna,xhigh,pass,yes,ok
kh-gpt__gpt-6-luna__low__default__rails-as-variant-processed-once__r10-shell-only-r57d-studio,r57d,shell-only,studio,rails-as-variant-processed-once,10,PASS,official_model,gpt-6-luna,xhigh,pass,yes,ok
kh-gpt__gpt-6-luna__low__default__rails-as-variant-processed-once__r11-shell-only-r57d-studio,r57d,shell-only,studio,rails-as-variant-processed-once,11,FAIL,official_model,gpt-6-luna,xhigh,fail,yes,ok
kh-gpt__gpt-6-luna__low__default__rails-as-variant-processed-once__r12-shell-only-r57d-studio,r57d,shell-only,studio,rails-as-variant-processed-once,12,FAIL,official_model,gpt-6-luna,xhigh,fail,yes,ok
kh-gpt__gpt-6-luna__low__default__rails-as-variant-processed-once__r13-shell-only-r57d-studio,r57d,shell-only,studio,rails-as-variant-processed-once,13,FAIL,official_model,gpt-6-luna,xhigh,fail,yes,ok
kh-gpt__gpt-6-luna__low__default__rails-as-variant-processed-once__r14-shell-only-r57d-studio,r57d,shell-only,studio,rails-as-variant-processed-once,14,PASS,official_model,gpt-6-luna,xhigh,pass,yes,ok
kh-gpt__gpt-6-luna__low__default__rails-as-variant-processed-once__r15-shell-only-r57d-studio,r57d,shell-only,studio,rails-as-variant-processed-once,15,PASS,official_model,gpt-6-luna,xhigh,pass,yes,ok
kh-gpt__gpt-6-luna__low__default__rails-as-variant-processed-once__r16-shell-only-r57d-studio,r57d,shell-only,studio,rails-as-variant-processed-once,16,FAIL,official_model,gpt-6-luna,xhigh,fail,yes,ok
kh-gpt__gpt-6-luna__low__default__rails-ft-mysql-fulltext-search-foundation__r9-default-tools-r57d-studio,r57d,default-tools,studio,rails-ft-mysql-fulltext-search-foundation,9,FAIL,official_model,gpt-6-luna,xhigh,fail,yes,ok
kh-gpt__gpt-6-luna__low__default__rails-ft-mysql-fulltext-search-foundation__r10-default-tools-r57d-studio,r57d,default-tools,studio,rails-ft-mysql-fulltext-search-foundation,10,FAIL,official_model,gpt-6-luna,xhigh,fail,yes,ok
kh-gpt__gpt-6-luna__low__default__rails-ft-mysql-fulltext-search-foundation__r11-default-tools-r57d-studio,r57d,default-tools,studio,rails-ft-mysql-fulltext-search-foundation,11,FAIL,official_model,gpt-6-luna,xhigh,fail,yes,ok
kh-gpt__gpt-6-luna__low__default__rails-ft-mysql-fulltext-search-foundation__r12-default-tools-r57d-studio,r57d,default-tools,studio,rails-ft-mysql-fulltext-search-foundation,12,FAIL,official_model,gpt-6-luna,xhigh,fail,yes,ok
kh-gpt__gpt-6-luna__low__default__rails-ft-mysql-fulltext-search-foundation__r13-default-tools-r57d-studio,r57d,default-tools,studio,rails-ft-mysql-fulltext-search-foundation,13,FAIL,official_model,gpt-6-luna,xhigh,fail,yes,ok
kh-gpt__gpt-6-luna__low__default__rails-ft-mysql-fulltext-search-foundation__r14-default-tools-r57d-studio,r57d,default-tools,studio,rails-ft-mysql-fulltext-search-foundation,14,FAIL,official_model,gpt-6-luna,xhigh,fail,yes,ok
kh-gpt__gpt-6-luna__low__default__rails-ft-mysql-fulltext-search-foundation__r15-default-tools-r57d-studio,r57d,default-tools,studio,rails-ft-mysql-fulltext-search-foundation,15,FAIL,official_model,gpt-6-luna,xhigh,fail,yes,ok
kh-gpt__gpt-6-luna__low__default__rails-ft-mysql-fulltext-search-foundation__r16-default-tools-r57d-studio,r57d,default-tools,studio,rails-ft-mysql-fulltext-search-foundation,16,FAIL,official_model,gpt-6-luna,xhigh,fail,yes,ok
kh-gpt__gpt-6-luna__low__default__rails-ft-mysql-fulltext-search-foundation__r9-shell-only-r57d-studio,r57d,shell-only,studio,rails-ft-mysql-fulltext-search-foundation,9,FAIL,official_model,gpt-6-luna,xhigh,fail,yes,ok
kh-gpt__gpt-6-luna__low__default__rails-ft-mysql-fulltext-search-foundation__r10-shell-only-r57d-studio,r57d,shell-only,studio,rails-ft-mysql-fulltext-search-foundation,10,FAIL,official_model,gpt-6-luna,xhigh,fail,yes,ok
kh-gpt__gpt-6-luna__low__default__rails-ft-mysql-fulltext-search-foundation__r11-shell-only-r57d-studio,r57d,shell-only,studio,rails-ft-mysql-fulltext-search-foundation,11,FAIL,official_model,gpt-6-luna,xhigh,fail,yes,ok
kh-gpt__gpt-6-luna__low__default__rails-ft-mysql-fulltext-search-foundation__r12-shell-only-r57d-studio,r57d,shell-only,studio,rails-ft-mysql-fulltext-search-foundation,12,FAIL,official_model,gpt-6-luna,xhigh,fail,yes,ok
NOT-RECOVERED,r57d,shell-only,studio,rails-ft-mysql-fulltext-search-foundation,13,NOT-RUN,missing official grade/run receipt; terminal cause not recorded,NOT-RUN,NOT-RUN,,no,NOT-RUN
kh-gpt__gpt-6-luna__low__default__rails-ft-mysql-fulltext-search-foundation__r14-shell-only-r57d-studio,r57d,shell-only,studio,rails-ft-mysql-fulltext-search-foundation,14,FAIL,official_model,gpt-6-luna,xhigh,fail,yes,ok
kh-gpt__gpt-6-luna__low__default__rails-ft-mysql-fulltext-search-foundation__r15-shell-only-r57d-studio,r57d,shell-only,studio,rails-ft-mysql-fulltext-search-foundation,15,FAIL,official_model,gpt-6-luna,xhigh,fail,yes,ok
kh-gpt__gpt-6-luna__low__default__rails-ft-mysql-fulltext-search-foundation__r16-shell-only-r57d-studio,r57d,shell-only,studio,rails-ft-mysql-fulltext-search-foundation,16,FAIL,official_model,gpt-6-luna,xhigh,fail,yes,ok
kh-gpt__gpt-6-luna__low__default__rails-hw-scoped-broadcast__r9-default-tools-r57d-studio,r57d,default-tools,studio,rails-hw-scoped-broadcast,9,PASS,official_model,gpt-6-luna,xhigh,pass,yes,ok
kh-gpt__gpt-6-luna__low__default__rails-hw-scoped-broadcast__r10-default-tools-r57d-studio,r57d,default-tools,studio,rails-hw-scoped-broadcast,10,PASS,official_model,gpt-6-luna,xhigh,pass,yes,ok
kh-gpt__gpt-6-luna__low__default__rails-hw-scoped-broadcast__r11-default-tools-r57d-studio,r57d,default-tools,studio,rails-hw-scoped-broadcast,11,PASS,official_model,gpt-6-luna,xhigh,pass,yes,ok
kh-gpt__gpt-6-luna__low__default__rails-hw-scoped-broadcast__r12-default-tools-r57d-studio,r57d,default-tools,studio,rails-hw-scoped-broadcast,12,PASS,official_model,gpt-6-luna,xhigh,pass,yes,ok
kh-gpt__gpt-6-luna__low__default__rails-hw-scoped-broadcast__r13-default-tools-r57d-studio,r57d,default-tools,studio,rails-hw-scoped-broadcast,13,PASS,official_model,gpt-6-luna,xhigh,pass,yes,ok
kh-gpt__gpt-6-luna__low__default__rails-hw-scoped-broadcast__r14-default-tools-r57d-studio,r57d,default-tools,studio,rails-hw-scoped-broadcast,14,PASS,official_model,gpt-6-luna,xhigh,pass,yes,ok
kh-gpt__gpt-6-luna__low__default__rails-hw-scoped-broadcast__r15-default-tools-r57d-studio,r57d,default-tools,studio,rails-hw-scoped-broadcast,15,PASS,official_model,gpt-6-luna,xhigh,pass,yes,ok
kh-gpt__gpt-6-luna__low__default__rails-hw-scoped-broadcast__r16-default-tools-r57d-studio,r57d,default-tools,studio,rails-hw-scoped-broadcast,16,PASS,official_model,gpt-6-luna,xhigh,pass,yes,ok
kh-gpt__gpt-6-luna__low__default__rails-hw-scoped-broadcast__r9-shell-only-r57d-studio,r57d,shell-only,studio,rails-hw-scoped-broadcast,9,PASS,official_model,gpt-6-luna,xhigh,pass,yes,ok
kh-gpt__gpt-6-luna__low__default__rails-hw-scoped-broadcast__r10-shell-only-r57d-studio,r57d,shell-only,studio,rails-hw-scoped-broadcast,10,PASS,official_model,gpt-6-luna,xhigh,pass,yes,ok
kh-gpt__gpt-6-luna__low__default__rails-hw-scoped-broadcast__r11-shell-only-r57d-studio,r57d,shell-only,studio,rails-hw-scoped-broadcast,11,PASS,official_model,gpt-6-luna,xhigh,pass,yes,ok
kh-gpt__gpt-6-luna__low__default__rails-hw-scoped-broadcast__r12-shell-only-r57d-studio,r57d,shell-only,studio,rails-hw-scoped-broadcast,12,FAIL,official_model,gpt-6-luna,xhigh,fail,yes,ok
kh-gpt__gpt-6-luna__low__default__rails-hw-scoped-broadcast__r13-shell-only-r57d-studio,r57d,shell-only,studio,rails-hw-scoped-broadcast,13,PASS,official_model,gpt-6-luna,xhigh,pass,yes,ok
kh-gpt__gpt-6-luna__low__default__rails-hw-scoped-broadcast__r14-shell-only-r57d-studio,r57d,shell-only,studio,rails-hw-scoped-broadcast,14,PASS,official_model,gpt-6-luna,xhigh,pass,yes,ok
kh-gpt__gpt-6-luna__low__default__rails-hw-scoped-broadcast__r15-shell-only-r57d-studio,r57d,shell-only,studio,rails-hw-scoped-broadcast,15,PASS,official_model,gpt-6-luna,xhigh,pass,yes,ok
kh-gpt__gpt-6-luna__low__default__rails-hw-scoped-broadcast__r16-shell-only-r57d-studio,r57d,shell-only,studio,rails-hw-scoped-broadcast,16,PASS,official_model,gpt-6-luna,xhigh,pass,yes,ok
