cell_id,arm,task,rep,outcome,stop_cause,effective_model,effective_effort,model_effort_receipt,public_export_outcome,official_grade_kind
r72-us-elx-02-ingest-supervision-codex-sol-high-r1,codex-sol-high,elx-02-ingest-supervision,1,PASS,official_grade_complete,gpt-6.1-sol,high,direct Codex manifest,,model
r72-eu-elx-04-queue-backpressure-codex-sol-high-r1,codex-sol-high,elx-04-queue-backpressure,1,PASS,official_grade_complete,gpt-6.1-sol,high,direct Codex manifest,,model
r72-eu-elx-04-queue-backpressure-codex-sol-high-r2,codex-sol-high,elx-04-queue-backpressure,2,PASS,official_grade_complete,gpt-6.1-sol,high,direct Codex manifest,,model
r72-eu-elx-12-retry-api-deprecation-codex-sol-high-r1,codex-sol-high,elx-12-retry-api-deprecation,1,PASS,official_grade_complete,gpt-6.1-sol,high,direct Codex manifest,,model
r72-us-syn-01-live-ticket-filters-codex-sol-high-r1,codex-sol-high,syn-01-live-ticket-filters,1,PASS,official_grade_complete,gpt-6.1-sol,high,direct Codex manifest,,model
r72-eu-syn-06-migration-ticket-numbers-codex-sol-high-r1,codex-sol-high,syn-06-migration-ticket-numbers,1,PASS,official_grade_complete,gpt-6.1-sol,high,direct Codex manifest,,model
r72-eu-syn-06-migration-ticket-numbers-codex-sol-high-r2,codex-sol-high,syn-06-migration-ticket-numbers,2,PASS,official_grade_complete,gpt-6.1-sol,high,direct Codex manifest,,model
r72-eu-syn-15-validation-ticket-form-codex-sol-high-r1,codex-sol-high,syn-15-validation-ticket-form,1,PASS,official_grade_complete,gpt-6.1-sol,high,direct Codex manifest,,model
r72-eu-syn-15-validation-ticket-form-codex-sol-high-r2,codex-sol-high,syn-15-validation-ticket-form,2,PASS,official_grade_complete,gpt-6.1-sol,high,direct Codex manifest,,model
r72-us-syn-20-email-invite-flow-codex-sol-high-r1,codex-sol-high,syn-20-email-invite-flow,1,FAIL,official_grade_complete,gpt-6.1-sol,high,direct Codex manifest,,model
r72-eu-syn-24-csv-import-codex-sol-high-r1,codex-sol-high,syn-24-csv-import,1,PASS,official_grade_complete,gpt-6.1-sol,high,direct Codex manifest,,model
r72-us-elx-02-ingest-supervision-kogen-ladder-r1,kogen-ladder,elx-02-ingest-supervision,1,PASS,official_grade_complete,auditor=gpt-6.1-sol;builder=gpt-6-luna;planner=gpt-6.1-sol,auditor=high;builder=max;planner=high,per-cell usage.json roles,,model
r72-eu-elx-04-queue-backpressure-kogen-ladder-r1,kogen-ladder,elx-04-queue-backpressure,1,PASS,official_grade_complete,auditor=gpt-6.1-sol;builder=gpt-6-luna;planner=gpt-6.1-sol,auditor=high;builder=max;planner=high,per-cell usage.json roles,,model
r72-eu-elx-04-queue-backpressure-kogen-ladder-r2,kogen-ladder,elx-04-queue-backpressure,2,PASS,official_grade_complete,auditor=gpt-6.1-sol;builder=gpt-6-luna;planner=gpt-6.1-sol,auditor=high;builder=max;planner=high,per-cell usage.json roles,,model
r72-eu-elx-12-retry-api-deprecation-kogen-ladder-r1,kogen-ladder,elx-12-retry-api-deprecation,1,PASS,official_grade_complete,auditor=gpt-6.1-sol;builder=gpt-6-luna;planner=gpt-6.1-sol,auditor=high;builder=max;planner=high,per-cell usage.json roles,,model
r72-us-syn-01-live-ticket-filters-kogen-ladder-r1,kogen-ladder,syn-01-live-ticket-filters,1,PASS,official_grade_complete,auditor=gpt-6.1-sol;builder=gpt-6-luna;planner=gpt-6.1-sol,auditor=high;builder=max;planner=high,per-cell usage.json roles,,model
r72-eu-syn-06-migration-ticket-numbers-kogen-ladder-r1,kogen-ladder,syn-06-migration-ticket-numbers,1,PASS,official_grade_complete,auditor=gpt-6.1-sol;builder=gpt-6-luna;planner=gpt-6.1-sol,auditor=high;builder=max;planner=high,per-cell usage.json roles,,model
r72-eu-syn-06-migration-ticket-numbers-kogen-ladder-r2,kogen-ladder,syn-06-migration-ticket-numbers,2,PASS,official_grade_complete,auditor=gpt-6.1-sol;builder=gpt-6-luna;planner=gpt-6.1-sol,auditor=high;builder=max;planner=high,per-cell usage.json roles,,model
r72-eu-syn-15-validation-ticket-form-kogen-ladder-r1,kogen-ladder,syn-15-validation-ticket-form,1,PASS,official_grade_complete,auditor=gpt-6.1-sol;builder=gpt-6-luna;planner=gpt-6.1-sol,auditor=high;builder=max;planner=high,per-cell usage.json roles,,model
r72-eu-syn-15-validation-ticket-form-kogen-ladder-r2,kogen-ladder,syn-15-validation-ticket-form,2,PASS,official_grade_complete,auditor=gpt-6.1-sol;builder=gpt-6-luna;planner=gpt-6.1-sol,auditor=high;builder=max;planner=high,per-cell usage.json roles,,model
r72-us-syn-20-email-invite-flow-kogen-ladder-r1,kogen-ladder,syn-20-email-invite-flow,1,FAIL,official_grade_complete,auditor=gpt-6.1-sol;builder=gpt-6-luna;planner=gpt-6.1-sol,auditor=high;builder=max;planner=high,per-cell usage.json roles,,model
r72-eu-syn-24-csv-import-kogen-ladder-r1,kogen-ladder,syn-24-csv-import,1,PASS,official_grade_complete,auditor=gpt-6.1-sol;builder=gpt-6-luna;planner=gpt-6.1-sol,auditor=high;builder=max;planner=high,per-cell usage.json roles,,model
r72-eu-syn-24-csv-import-kogen-ladder-r2,kogen-ladder,syn-24-csv-import,2,PASS,official_grade_complete,auditor=gpt-6.1-sol;builder=gpt-6-luna;planner=gpt-6.1-sol,auditor=high;builder=max;planner=high,per-cell usage.json roles,,model
r72-us-syn-31-inbound-email-webhook-kogen-ladder-r1,kogen-ladder,syn-31-inbound-email-webhook,1,PASS,official_grade_complete,auditor=gpt-6.1-sol;builder=gpt-6-luna;planner=gpt-6.1-sol,auditor=high;builder=max;planner=high,per-cell usage.json roles,,model
