cell_id,official_grade_cell_id,arm,task,rep,outcome,stop_cause,effective_model,effective_effort,public_export_outcome,official_grade_kind
r74-us-elx-02-ingest-supervision-codex-luna-max-r1,r74-us-elx-02-ingest-supervision-codex-luna-max-r1,codex-luna-max,elx-02-ingest-supervision,1,PASS,completed,gpt-6-luna,max,,model
r74-us-elx-02-ingest-supervision-codex-luna-max-r2,r74-us-elx-02-ingest-supervision-codex-luna-max-r2,codex-luna-max,elx-02-ingest-supervision,2,PASS,completed,gpt-6-luna,max,,model
r74-us-elx-02-ingest-supervision-codex-luna-max-r3,r74-us-elx-02-ingest-supervision-codex-luna-max-r3,codex-luna-max,elx-02-ingest-supervision,3,PASS,completed,gpt-6-luna,max,,model
r74-us-elx-02-ingest-supervision-codex-luna-max-r4,r74-us-elx-02-ingest-supervision-codex-luna-max-r4,codex-luna-max,elx-02-ingest-supervision,4,PASS,completed,gpt-6-luna,max,,model
r74-us-elx-02-ingest-supervision-codex-luna-max-r5,r74-us-elx-02-ingest-supervision-codex-luna-max-r5,codex-luna-max,elx-02-ingest-supervision,5,PASS,completed,gpt-6-luna,max,,model
r74-eu-elx-04-queue-backpressure-codex-luna-max-r1,r74-eu-elx-04-queue-backpressure-codex-luna-max-r1,codex-luna-max,elx-04-queue-backpressure,1,PASS,completed,gpt-6-luna,max,,model
r74-eu-elx-04-queue-backpressure-codex-luna-max-r2,r74-eu-elx-04-queue-backpressure-codex-luna-max-r2,codex-luna-max,elx-04-queue-backpressure,2,PASS,completed,gpt-6-luna,max,,model
r74-eu-elx-04-queue-backpressure-codex-luna-max-r3,r74-eu-elx-04-queue-backpressure-codex-luna-max-r3,codex-luna-max,elx-04-queue-backpressure,3,PASS,completed,gpt-6-luna,max,,model
r74-eu-elx-04-queue-backpressure-codex-luna-max-r4,r74-eu-elx-04-queue-backpressure-codex-luna-max-r4,codex-luna-max,elx-04-queue-backpressure,4,PASS,completed,gpt-6-luna,max,,model
r74-eu-elx-04-queue-backpressure-codex-luna-max-r5,r74-eu-elx-04-queue-backpressure-codex-luna-max-r5,codex-luna-max,elx-04-queue-backpressure,5,PASS,completed,gpt-6-luna,max,,model
r74-us-elx-07-cli-stats-codex-luna-max-r1,r74-us-elx-07-cli-stats-codex-luna-max-r1,codex-luna-max,elx-07-cli-stats,1,FAIL,completed,gpt-6-luna,max,,model
r74-us-elx-07-cli-stats-codex-luna-max-r2,r74-us-elx-07-cli-stats-codex-luna-max-r2,codex-luna-max,elx-07-cli-stats,2,FAIL,completed,gpt-6-luna,max,,model
r74-us-elx-07-cli-stats-codex-luna-max-r3,r74-us-elx-07-cli-stats-codex-luna-max-r3,codex-luna-max,elx-07-cli-stats,3,PASS,completed,gpt-6-luna,max,,model
r74-us-elx-07-cli-stats-codex-luna-max-r4,r74-us-elx-07-cli-stats-codex-luna-max-r4,codex-luna-max,elx-07-cli-stats,4,FAIL,completed,gpt-6-luna,max,,model
r74-eu-elx-12-retry-api-deprecation-codex-luna-max-r1,r74-eu-elx-12-retry-api-deprecation-codex-luna-max-r1,codex-luna-max,elx-12-retry-api-deprecation,1,FAIL,completed,gpt-6-luna,max,,model
r74-eu-elx-12-retry-api-deprecation-codex-luna-max-r2,r74-eu-elx-12-retry-api-deprecation-codex-luna-max-r2,codex-luna-max,elx-12-retry-api-deprecation,2,PASS,completed,gpt-6-luna,max,,model
r74-eu-elx-12-retry-api-deprecation-codex-luna-max-r3,r74-eu-elx-12-retry-api-deprecation-codex-luna-max-r3,codex-luna-max,elx-12-retry-api-deprecation,3,FAIL,completed,gpt-6-luna,max,,model
r74-eu-elx-12-retry-api-deprecation-codex-luna-max-r4,r74-eu-elx-12-retry-api-deprecation-codex-luna-max-r4,codex-luna-max,elx-12-retry-api-deprecation,4,FAIL,completed,gpt-6-luna,max,,model
r74-eu-elx-12-retry-api-deprecation-codex-luna-max-r5,r74-eu-elx-12-retry-api-deprecation-codex-luna-max-r5,codex-luna-max,elx-12-retry-api-deprecation,5,FAIL,completed,gpt-6-luna,max,,model
r74-us-elx-port-board-publish-unpublish-public-boundary-codex-luna-max-r1,r74-us-elx-port-board-publish-unpublish-public-boundary-codex-luna-max-r1,codex-luna-max,elx-port-board-publish-unpublish-public-boundary,1,FAIL,completed,gpt-6-luna,max,,model
r74-us-elx-port-board-publish-unpublish-public-boundary-codex-luna-max-r2,r74-us-elx-port-board-publish-unpublish-public-boundary-codex-luna-max-r2,codex-luna-max,elx-port-board-publish-unpublish-public-boundary,2,FAIL,completed,gpt-6-luna,max,,model
r74-us-elx-port-board-publish-unpublish-public-boundary-codex-luna-max-r3,r74-us-elx-port-board-publish-unpublish-public-boundary-codex-luna-max-r3,codex-luna-max,elx-port-board-publish-unpublish-public-boundary,3,FAIL,completed,gpt-6-luna,max,,model
r74-us-elx-port-board-publish-unpublish-public-boundary-codex-luna-max-r4,r74-us-elx-port-board-publish-unpublish-public-boundary-codex-luna-max-r4,codex-luna-max,elx-port-board-publish-unpublish-public-boundary,4,FAIL,completed,gpt-6-luna,max,,model
r74-us-elx-port-erase-account-codex-luna-max-r1,r74-us-elx-port-erase-account-codex-luna-max-r1,codex-luna-max,elx-port-erase-account,1,FAIL,completed,gpt-6-luna,max,,model
r74-us-elx-port-erase-account-codex-luna-max-r2,r74-us-elx-port-erase-account-codex-luna-max-r2,codex-luna-max,elx-port-erase-account,2,FAIL,completed,gpt-6-luna,max,,model
r74-us-elx-port-erase-account-codex-luna-max-r3,r74-us-elx-port-erase-account-codex-luna-max-r3,codex-luna-max,elx-port-erase-account,3,FAIL,completed,gpt-6-luna,max,,model
r74-us-elx-port-erase-account-codex-luna-max-r4,r74-us-elx-port-erase-account-codex-luna-max-r4,codex-luna-max,elx-port-erase-account,4,FAIL,completed,gpt-6-luna,max,,model
r74-us-syn-01-live-ticket-filters-codex-luna-max-r1,r74-us-syn-01-live-ticket-filters-codex-luna-max-r1,codex-luna-max,syn-01-live-ticket-filters,1,PASS,completed,gpt-6-luna,max,,model
r74-us-syn-01-live-ticket-filters-codex-luna-max-r2,r74-us-syn-01-live-ticket-filters-codex-luna-max-r2,codex-luna-max,syn-01-live-ticket-filters,2,FAIL,completed,gpt-6-luna,max,,model
r74-us-syn-01-live-ticket-filters-codex-luna-max-r3,r74-us-syn-01-live-ticket-filters-codex-luna-max-r3,codex-luna-max,syn-01-live-ticket-filters,3,PASS,completed,gpt-6-luna,max,,model
r74-us-syn-01-live-ticket-filters-codex-luna-max-r4,r74-us-syn-01-live-ticket-filters-codex-luna-max-r4,codex-luna-max,syn-01-live-ticket-filters,4,PASS,completed,gpt-6-luna,max,,model
r74-us-syn-01-live-ticket-filters-codex-luna-max-r5,r74-us-syn-01-live-ticket-filters-codex-luna-max-r5,codex-luna-max,syn-01-live-ticket-filters,5,PASS,completed,gpt-6-luna,max,,model
r74-eu-syn-06-migration-ticket-numbers-codex-luna-max-r1,r74-eu-syn-06-migration-ticket-numbers-codex-luna-max-r1,codex-luna-max,syn-06-migration-ticket-numbers,1,PASS,completed,gpt-6-luna,max,,model
r74-eu-syn-06-migration-ticket-numbers-codex-luna-max-r2,r74-eu-syn-06-migration-ticket-numbers-codex-luna-max-r2,codex-luna-max,syn-06-migration-ticket-numbers,2,PASS,completed,gpt-6-luna,max,,model
r74-eu-syn-06-migration-ticket-numbers-codex-luna-max-r3,r74-eu-syn-06-migration-ticket-numbers-codex-luna-max-r3,codex-luna-max,syn-06-migration-ticket-numbers,3,PASS,completed,gpt-6-luna,max,,model
r74-eu-syn-06-migration-ticket-numbers-codex-luna-max-r4,r74-eu-syn-06-migration-ticket-numbers-codex-luna-max-r4,codex-luna-max,syn-06-migration-ticket-numbers,4,PASS,completed,gpt-6-luna,max,,model
r74-eu-syn-06-migration-ticket-numbers-codex-luna-max-r5,r74-eu-syn-06-migration-ticket-numbers-codex-luna-max-r5,codex-luna-max,syn-06-migration-ticket-numbers,5,PASS,completed,gpt-6-luna,max,,model
r74-eu-syn-15-validation-ticket-form-codex-luna-max-r1,r74-eu-syn-15-validation-ticket-form-codex-luna-max-r1,codex-luna-max,syn-15-validation-ticket-form,1,PASS,completed,gpt-6-luna,max,,model
r74-eu-syn-15-validation-ticket-form-codex-luna-max-r2,r74-eu-syn-15-validation-ticket-form-codex-luna-max-r2,codex-luna-max,syn-15-validation-ticket-form,2,PASS,completed,gpt-6-luna,max,,model
r74-eu-syn-15-validation-ticket-form-codex-luna-max-r3,r74-eu-syn-15-validation-ticket-form-codex-luna-max-r3,codex-luna-max,syn-15-validation-ticket-form,3,PASS,completed,gpt-6-luna,max,,model
r74-eu-syn-15-validation-ticket-form-codex-luna-max-r4,r74-eu-syn-15-validation-ticket-form-codex-luna-max-r4,codex-luna-max,syn-15-validation-ticket-form,4,PASS,completed,gpt-6-luna,max,,model
r74-eu-syn-15-validation-ticket-form-codex-luna-max-r5,r74-eu-syn-15-validation-ticket-form-codex-luna-max-r5,codex-luna-max,syn-15-validation-ticket-form,5,PASS,completed,gpt-6-luna,max,,model
r74-us-syn-20-email-invite-flow-codex-luna-max-r1,r74-us-syn-20-email-invite-flow-codex-luna-max-r1,codex-luna-max,syn-20-email-invite-flow,1,FAIL,completed,gpt-6-luna,max,,model
r74-us-syn-20-email-invite-flow-codex-luna-max-r2,r74-us-syn-20-email-invite-flow-codex-luna-max-r2,codex-luna-max,syn-20-email-invite-flow,2,PASS,completed,gpt-6-luna,max,,model
r74-us-syn-20-email-invite-flow-codex-luna-max-r3,r74-us-syn-20-email-invite-flow-codex-luna-max-r3,codex-luna-max,syn-20-email-invite-flow,3,PASS,completed,gpt-6-luna,max,,model
r74-us-syn-20-email-invite-flow-codex-luna-max-r4,r74-us-syn-20-email-invite-flow-codex-luna-max-r4,codex-luna-max,syn-20-email-invite-flow,4,PASS,completed,gpt-6-luna,max,,model
r74-us-syn-20-email-invite-flow-codex-luna-max-r5,r74-us-syn-20-email-invite-flow-codex-luna-max-r5,codex-luna-max,syn-20-email-invite-flow,5,PASS,completed,gpt-6-luna,max,,model
r74-eu-syn-24-csv-import-codex-luna-max-r1,r74-eu-syn-24-csv-import-codex-luna-max-r1,codex-luna-max,syn-24-csv-import,1,PASS,completed,gpt-6-luna,max,,model
r74-eu-syn-24-csv-import-codex-luna-max-r2,r74-eu-syn-24-csv-import-codex-luna-max-r2,codex-luna-max,syn-24-csv-import,2,PASS,completed,gpt-6-luna,max,,model
r74-eu-syn-24-csv-import-codex-luna-max-r3,r74-eu-syn-24-csv-import-codex-luna-max-r3,codex-luna-max,syn-24-csv-import,3,PASS,completed,gpt-6-luna,max,,model
r74-eu-syn-24-csv-import-codex-luna-max-r4,r74-eu-syn-24-csv-import-codex-luna-max-r4,codex-luna-max,syn-24-csv-import,4,FAIL,completed,gpt-6-luna,max,,model
r74-eu-syn-24-csv-import-codex-luna-max-r5,r74-eu-syn-24-csv-import-codex-luna-max-r5,codex-luna-max,syn-24-csv-import,5,PASS,completed,gpt-6-luna,max,,model
r74-us-syn-31-inbound-email-webhook-codex-luna-max-r1,r74-us-syn-31-inbound-email-webhook-codex-luna-max-r1,codex-luna-max,syn-31-inbound-email-webhook,1,FAIL,completed,gpt-6-luna,max,,model
r74-us-syn-31-inbound-email-webhook-codex-luna-max-r2,r74-us-syn-31-inbound-email-webhook-codex-luna-max-r2,codex-luna-max,syn-31-inbound-email-webhook,2,PASS,completed,gpt-6-luna,max,,model
r74-us-syn-31-inbound-email-webhook-codex-luna-max-r3,r74-us-syn-31-inbound-email-webhook-codex-luna-max-r3,codex-luna-max,syn-31-inbound-email-webhook,3,PASS,completed,gpt-6-luna,max,,model
r74-us-syn-31-inbound-email-webhook-codex-luna-max-r4,r74-us-syn-31-inbound-email-webhook-codex-luna-max-r4,codex-luna-max,syn-31-inbound-email-webhook,4,FAIL,completed,gpt-6-luna,max,,model
r74-us-syn-31-inbound-email-webhook-codex-luna-max-r5,r74-us-syn-31-inbound-email-webhook-codex-luna-max-r5,codex-luna-max,syn-31-inbound-email-webhook,5,PASS,completed,gpt-6-luna,max,,model
r74-eu-elx-04-queue-backpressure-codex-sol-high-r1,r74-eu-elx-04-queue-backpressure-codex-sol-high-r1,codex-sol-high,elx-04-queue-backpressure,1,PASS,completed,gpt-6.1-sol,high,,model
r74-eu-elx-04-queue-backpressure-codex-sol-high-r2,r74-eu-elx-04-queue-backpressure-codex-sol-high-r2,codex-sol-high,elx-04-queue-backpressure,2,PASS,completed,gpt-6.1-sol,high,,model
r74-eu-elx-04-queue-backpressure-codex-sol-high-r3,r74-eu-elx-04-queue-backpressure-codex-sol-high-r3,codex-sol-high,elx-04-queue-backpressure,3,PASS,completed,gpt-6.1-sol,high,,model
r74-eu-elx-12-retry-api-deprecation-codex-sol-high-r1,r74-eu-elx-12-retry-api-deprecation-codex-sol-high-r1,codex-sol-high,elx-12-retry-api-deprecation,1,PASS,completed,gpt-6.1-sol,high,,model
r74-eu-elx-12-retry-api-deprecation-codex-sol-high-r2,r74-eu-elx-12-retry-api-deprecation-codex-sol-high-r2,codex-sol-high,elx-12-retry-api-deprecation,2,PASS,completed,gpt-6.1-sol,high,,model
r74-eu-syn-06-migration-ticket-numbers-codex-sol-high-r1,r74-eu-syn-06-migration-ticket-numbers-codex-sol-high-r1,codex-sol-high,syn-06-migration-ticket-numbers,1,PASS,completed,gpt-6.1-sol,high,,model
r74-eu-syn-06-migration-ticket-numbers-codex-sol-high-r2,r74-eu-syn-06-migration-ticket-numbers-codex-sol-high-r2,codex-sol-high,syn-06-migration-ticket-numbers,2,PASS,completed,gpt-6.1-sol,high,,model
r74-eu-syn-15-validation-ticket-form-codex-sol-high-r1,r74-eu-syn-15-validation-ticket-form-codex-sol-high-r1,codex-sol-high,syn-15-validation-ticket-form,1,PASS,completed,gpt-6.1-sol,high,,model
r74-eu-syn-15-validation-ticket-form-codex-sol-high-r2,r74-eu-syn-15-validation-ticket-form-codex-sol-high-r2,codex-sol-high,syn-15-validation-ticket-form,2,PASS,completed,gpt-6.1-sol,high,,model
r74-eu-syn-24-csv-import-codex-sol-high-r1,r74-eu-syn-24-csv-import-codex-sol-high-r1,codex-sol-high,syn-24-csv-import,1,PASS,completed,gpt-6.1-sol,high,,model
r74-eu-syn-24-csv-import-codex-sol-high-r2,r74-eu-syn-24-csv-import-codex-sol-high-r2,codex-sol-high,syn-24-csv-import,2,PASS,completed,gpt-6.1-sol,high,,model
r74-us-elx-02-ingest-supervision-kogen-ladder-luna-r74-r1,r74-us-elx-02-ingest-supervision-kogen-ladder-luna-r74-r1,kogen-ladder-luna-r74,elx-02-ingest-supervision,1,PASS,completed,builder=gpt-6-luna;planner=gpt-6.1-sol;shaper=gpt-6.1-sol,builder=max;planner=high;shaper=high,,model
r74-us-elx-02-ingest-supervision-kogen-ladder-luna-r74-r2,r74-us-elx-02-ingest-supervision-kogen-ladder-luna-r74-r2,kogen-ladder-luna-r74,elx-02-ingest-supervision,2,PASS,completed,builder=gpt-6-luna;planner=gpt-6.1-sol;shaper=gpt-6.1-sol,builder=max;planner=high;shaper=high,,model
r74-us-elx-02-ingest-supervision-kogen-ladder-luna-r74-r3,r74-us-elx-02-ingest-supervision-kogen-ladder-luna-r74-r3,kogen-ladder-luna-r74,elx-02-ingest-supervision,3,PASS,completed,builder=gpt-6-luna;planner=gpt-6.1-sol;shaper=gpt-6.1-sol,builder=max;planner=high;shaper=high,,model
r74-us-elx-02-ingest-supervision-kogen-ladder-luna-r74-r4,r74-us-elx-02-ingest-supervision-kogen-ladder-luna-r74-r4,kogen-ladder-luna-r74,elx-02-ingest-supervision,4,PASS,completed,builder=gpt-6-luna;planner=gpt-6.1-sol;shaper=gpt-6.1-sol,builder=max;planner=high;shaper=high,,model
r74-us-elx-02-ingest-supervision-kogen-ladder-luna-r74-r5,r74-us-elx-02-ingest-supervision-kogen-ladder-luna-r74-r5,kogen-ladder-luna-r74,elx-02-ingest-supervision,5,PASS,completed,builder=gpt-6-luna;planner=gpt-6.1-sol;shaper=gpt-6.1-sol,builder=max;planner=high;shaper=high,,model
r74-eu-elx-04-queue-backpressure-kogen-ladder-luna-r74-r1,r74-eu-elx-04-queue-backpressure-kogen-ladder-luna-r74-r1,kogen-ladder-luna-r74,elx-04-queue-backpressure,1,PASS,completed,builder=gpt-6-luna;planner=gpt-6.1-sol;shaper=gpt-6.1-sol,builder=max;planner=high;shaper=high,,model
r74-eu-elx-04-queue-backpressure-kogen-ladder-luna-r74-r2,r74-eu-elx-04-queue-backpressure-kogen-ladder-luna-r74-r2,kogen-ladder-luna-r74,elx-04-queue-backpressure,2,PASS,completed,builder=gpt-6-luna;planner=gpt-6.1-sol;shaper=gpt-6.1-sol,builder=max;planner=high;shaper=high,,model
r74-eu-elx-04-queue-backpressure-kogen-ladder-luna-r74-r3,r74-eu-elx-04-queue-backpressure-kogen-ladder-luna-r74-r3,kogen-ladder-luna-r74,elx-04-queue-backpressure,3,PASS,completed,builder=gpt-6-luna;planner=gpt-6.1-sol;shaper=gpt-6.1-sol,builder=max;planner=high;shaper=high,,model
r74-eu-elx-04-queue-backpressure-kogen-ladder-luna-r74-r4,r74-eu-elx-04-queue-backpressure-kogen-ladder-luna-r74-r4,kogen-ladder-luna-r74,elx-04-queue-backpressure,4,PASS,completed,auditor=gpt-6.1-sol;builder=gpt-6-luna;planner=gpt-6.1-sol;shaper=gpt-6.1-sol,auditor=high;builder=max;planner=high;shaper=high,,model
r74-eu-elx-04-queue-backpressure-kogen-ladder-luna-r74-r5,r74-eu-elx-04-queue-backpressure-kogen-ladder-luna-r74-r5,kogen-ladder-luna-r74,elx-04-queue-backpressure,5,PASS,completed,builder=gpt-6-luna;planner=gpt-6.1-sol;shaper=gpt-6.1-sol,builder=max;planner=high;shaper=high,,model
r74-us-elx-07-cli-stats-kogen-ladder-luna-r74-r1,r74-us-elx-07-cli-stats-kogen-ladder-luna-r74-r1,kogen-ladder-luna-r74,elx-07-cli-stats,1,PASS,completed,builder=gpt-6-luna;planner=gpt-6.1-sol;shaper=gpt-6.1-sol,builder=max;planner=high;shaper=high,,model
r74-us-elx-07-cli-stats-kogen-ladder-luna-r74-r2,r74-us-elx-07-cli-stats-kogen-ladder-luna-r74-r2,kogen-ladder-luna-r74,elx-07-cli-stats,2,PASS,completed,builder=gpt-6-luna;planner=gpt-6.1-sol;shaper=gpt-6.1-sol,builder=max;planner=high;shaper=high,,model
r74-us-elx-07-cli-stats-kogen-ladder-luna-r74-r3,r74-us-elx-07-cli-stats-kogen-ladder-luna-r74-r3,kogen-ladder-luna-r74,elx-07-cli-stats,3,PASS,completed,builder=gpt-6-luna;planner=gpt-6.1-sol;shaper=gpt-6.1-sol,builder=max;planner=high;shaper=high,,model
r74-us-elx-07-cli-stats-kogen-ladder-luna-r74-r4,r74-us-elx-07-cli-stats-kogen-ladder-luna-r74-r4,kogen-ladder-luna-r74,elx-07-cli-stats,4,PASS,completed,builder=gpt-6-luna;planner=gpt-6.1-sol;shaper=gpt-6.1-sol,builder=max;planner=high;shaper=high,,model
r74-us-elx-07-cli-stats-kogen-ladder-luna-r74-r5,r74-us-elx-07-cli-stats-kogen-ladder-luna-r74-r5,kogen-ladder-luna-r74,elx-07-cli-stats,5,PASS,completed,auditor=gpt-6.1-sol;builder=gpt-6-luna;planner=gpt-6.1-sol;shaper=gpt-6.1-sol,auditor=high;builder=max;planner=high;shaper=high,,model
r74-eu-elx-12-retry-api-deprecation-kogen-ladder-luna-r74-r1,r74-eu-elx-12-retry-api-deprecation-kogen-ladder-luna-r74-r1,kogen-ladder-luna-r74,elx-12-retry-api-deprecation,1,PASS,completed,builder=gpt-6-luna;planner=gpt-6.1-sol;shaper=gpt-6.1-sol,builder=max;planner=high;shaper=high,,model
r74-eu-elx-12-retry-api-deprecation-kogen-ladder-luna-r74-r2,r74-eu-elx-12-retry-api-deprecation-kogen-ladder-luna-r74-r2,kogen-ladder-luna-r74,elx-12-retry-api-deprecation,2,PASS,completed,builder=gpt-6-luna;planner=gpt-6.1-sol;shaper=gpt-6.1-sol,builder=max;planner=high;shaper=high,,model
r74-eu-elx-12-retry-api-deprecation-kogen-ladder-luna-r74-r3,r74-eu-elx-12-retry-api-deprecation-kogen-ladder-luna-r74-r3,kogen-ladder-luna-r74,elx-12-retry-api-deprecation,3,PASS,completed,auditor=gpt-6.1-sol;builder=gpt-6-luna;planner=gpt-6.1-sol;shaper=gpt-6.1-sol,auditor=high;builder=max;planner=high;shaper=high,,model
r74-eu-elx-12-retry-api-deprecation-kogen-ladder-luna-r74-r4,r74-eu-elx-12-retry-api-deprecation-kogen-ladder-luna-r74-r4,kogen-ladder-luna-r74,elx-12-retry-api-deprecation,4,PASS,completed,builder=gpt-6-luna;planner=gpt-6.1-sol;shaper=gpt-6.1-sol,builder=max;planner=high;shaper=high,,model
r74-eu-elx-12-retry-api-deprecation-kogen-ladder-luna-r74-r5,r74-eu-elx-12-retry-api-deprecation-kogen-ladder-luna-r74-r5,kogen-ladder-luna-r74,elx-12-retry-api-deprecation,5,PASS,completed,auditor=gpt-6.1-sol;builder=gpt-6-luna;planner=gpt-6.1-sol;shaper=gpt-6.1-sol,auditor=high;builder=max;planner=high;shaper=high,,model
r74-us-elx-port-board-publish-unpublish-public-boundary-kogen-ladder-luna-r74-r1,r74-us-elx-port-board-publish-unpublish-public-boundary-kogen-ladder-luna-r74-r1,kogen-ladder-luna-r74,elx-port-board-publish-unpublish-public-boundary,1,PASS,completed,auditor=gpt-6.1-sol;builder=gpt-6-luna;planner=gpt-6.1-sol;shaper=gpt-6.1-sol,auditor=high;builder=max;planner=high;shaper=high,,model
r74-us-elx-port-board-publish-unpublish-public-boundary-kogen-ladder-luna-r74-r2,r74-us-elx-port-board-publish-unpublish-public-boundary-kogen-ladder-luna-r74-r2,kogen-ladder-luna-r74,elx-port-board-publish-unpublish-public-boundary,2,PASS,completed,builder=gpt-6-luna;planner=gpt-6.1-sol;shaper=gpt-6.1-sol,builder=max;planner=high;shaper=high,,model
r74-us-elx-port-board-publish-unpublish-public-boundary-kogen-ladder-luna-r74-r3,r74-us-elx-port-board-publish-unpublish-public-boundary-kogen-ladder-luna-r74-r3,kogen-ladder-luna-r74,elx-port-board-publish-unpublish-public-boundary,3,FAIL,completed,builder=gpt-6-luna;planner=gpt-6.1-sol;shaper=gpt-6.1-sol,builder=max;planner=high;shaper=high,,model
r74-us-elx-port-board-publish-unpublish-public-boundary-kogen-ladder-luna-r74-r4,r74-us-elx-port-board-publish-unpublish-public-boundary-kogen-ladder-luna-r74-r4,kogen-ladder-luna-r74,elx-port-board-publish-unpublish-public-boundary,4,PASS,completed,builder=gpt-6-luna;planner=gpt-6.1-sol;shaper=gpt-6.1-sol,builder=max;planner=high;shaper=high,,model
r74-us-elx-port-board-publish-unpublish-public-boundary-kogen-ladder-luna-r74-r5,r74-us-elx-port-board-publish-unpublish-public-boundary-kogen-ladder-luna-r74-r5,kogen-ladder-luna-r74,elx-port-board-publish-unpublish-public-boundary,5,PASS,completed,builder=gpt-6-luna;planner=gpt-6.1-sol;shaper=gpt-6.1-sol,builder=max;planner=high;shaper=high,,model
r74-us-elx-port-erase-account-kogen-ladder-luna-r74-r1,r74-us-elx-port-erase-account-kogen-ladder-luna-r74-r1,kogen-ladder-luna-r74,elx-port-erase-account,1,FAIL,completed,auditor=gpt-6.1-sol;builder=gpt-6-luna;planner=gpt-6.1-sol;shaper=gpt-6.1-sol,auditor=high;builder=max;planner=high;shaper=high,,model
r74-us-elx-port-erase-account-kogen-ladder-luna-r74-r2,r74-us-elx-port-erase-account-kogen-ladder-luna-r74-r2,kogen-ladder-luna-r74,elx-port-erase-account,2,FAIL,completed,builder=gpt-6-luna;planner=gpt-6.1-sol;shaper=gpt-6.1-sol,builder=max;planner=high;shaper=high,,model
r74-us-elx-port-erase-account-kogen-ladder-luna-r74-r3,r74-us-elx-port-erase-account-kogen-ladder-luna-r74-r3,kogen-ladder-luna-r74,elx-port-erase-account,3,FAIL,completed,builder=gpt-6-luna;planner=gpt-6.1-sol;shaper=gpt-6.1-sol,builder=max;planner=high;shaper=high,,model
r74-us-elx-port-erase-account-kogen-ladder-luna-r74-r4,r74-us-elx-port-erase-account-kogen-ladder-luna-r74-r4,kogen-ladder-luna-r74,elx-port-erase-account,4,FAIL,completed,builder=gpt-6-luna;planner=gpt-6.1-sol;shaper=gpt-6.1-sol,builder=max;planner=high;shaper=high,,model
r74-us-elx-port-erase-account-kogen-ladder-luna-r74-r5,r74-us-elx-port-erase-account-kogen-ladder-luna-r74-r5,kogen-ladder-luna-r74,elx-port-erase-account,5,FAIL,completed,builder=gpt-6-luna;planner=gpt-6.1-sol;shaper=gpt-6.1-sol,builder=max;planner=high;shaper=high,,model
r74-us-syn-01-live-ticket-filters-kogen-ladder-luna-r74-r1,r74-us-syn-01-live-ticket-filters-kogen-ladder-luna-r74-r1,kogen-ladder-luna-r74,syn-01-live-ticket-filters,1,PASS,completed,builder=gpt-6-luna;planner=gpt-6.1-sol;shaper=gpt-6.1-sol,builder=max;planner=high;shaper=high,,model
r74-us-syn-01-live-ticket-filters-kogen-ladder-luna-r74-r2,r74-us-syn-01-live-ticket-filters-kogen-ladder-luna-r74-r2,kogen-ladder-luna-r74,syn-01-live-ticket-filters,2,PASS,completed,builder=gpt-6-luna;planner=gpt-6.1-sol;shaper=gpt-6.1-sol,builder=max;planner=high;shaper=high,,model
r74-us-syn-01-live-ticket-filters-kogen-ladder-luna-r74-r3,r74-us-syn-01-live-ticket-filters-kogen-ladder-luna-r74-r3,kogen-ladder-luna-r74,syn-01-live-ticket-filters,3,PASS,completed,auditor=gpt-6.1-sol;builder=gpt-6-luna;planner=gpt-6.1-sol;shaper=gpt-6.1-sol,auditor=high;builder=max;planner=high;shaper=high,,model
r74-us-syn-01-live-ticket-filters-kogen-ladder-luna-r74-r4,r74-us-syn-01-live-ticket-filters-kogen-ladder-luna-r74-r4,kogen-ladder-luna-r74,syn-01-live-ticket-filters,4,PASS,completed,builder=gpt-6-luna;planner=gpt-6.1-sol;shaper=gpt-6.1-sol,builder=max;planner=high;shaper=high,,model
r74-us-syn-01-live-ticket-filters-kogen-ladder-luna-r74-r5,r74-us-syn-01-live-ticket-filters-kogen-ladder-luna-r74-r5,kogen-ladder-luna-r74,syn-01-live-ticket-filters,5,PASS,completed,builder=gpt-6-luna;planner=gpt-6.1-sol;shaper=gpt-6.1-sol,builder=max;planner=high;shaper=high,,model
r74-eu-syn-06-migration-ticket-numbers-kogen-ladder-luna-r74-r1,r74-eu-syn-06-migration-ticket-numbers-kogen-ladder-luna-r74-r1,kogen-ladder-luna-r74,syn-06-migration-ticket-numbers,1,PASS,completed,builder=gpt-6-luna;planner=gpt-6.1-sol;shaper=gpt-6.1-sol,builder=max;planner=high;shaper=high,,model
r74-eu-syn-06-migration-ticket-numbers-kogen-ladder-luna-r74-r2,r74-eu-syn-06-migration-ticket-numbers-kogen-ladder-luna-r74-r2,kogen-ladder-luna-r74,syn-06-migration-ticket-numbers,2,FAIL,completed,builder=gpt-6-luna;planner=gpt-6.1-sol;shaper=gpt-6.1-sol,builder=max;planner=high;shaper=high,,model
r74-eu-syn-06-migration-ticket-numbers-kogen-ladder-luna-r74-r3,r74-eu-syn-06-migration-ticket-numbers-kogen-ladder-luna-r74-r3,kogen-ladder-luna-r74,syn-06-migration-ticket-numbers,3,PASS,completed,builder=gpt-6-luna;planner=gpt-6.1-sol;shaper=gpt-6.1-sol,builder=max;planner=high;shaper=high,,model
r74-eu-syn-06-migration-ticket-numbers-kogen-ladder-luna-r74-r4,r74-eu-syn-06-migration-ticket-numbers-kogen-ladder-luna-r74-r4,kogen-ladder-luna-r74,syn-06-migration-ticket-numbers,4,PASS,completed,builder=gpt-6-luna;planner=gpt-6.1-sol;shaper=gpt-6.1-sol,builder=max;planner=high;shaper=high,,model
r74-eu-syn-06-migration-ticket-numbers-kogen-ladder-luna-r74-r5,r74-eu-syn-06-migration-ticket-numbers-kogen-ladder-luna-r74-r5,kogen-ladder-luna-r74,syn-06-migration-ticket-numbers,5,PASS,completed,auditor=gpt-6.1-sol;builder=gpt-6-luna;planner=gpt-6.1-sol;shaper=gpt-6.1-sol,auditor=high;builder=max;planner=high;shaper=high,,model
r74-eu-syn-15-validation-ticket-form-kogen-ladder-luna-r74-r1,r74-eu-syn-15-validation-ticket-form-kogen-ladder-luna-r74-r1,kogen-ladder-luna-r74,syn-15-validation-ticket-form,1,PASS,completed,builder=gpt-6-luna;planner=gpt-6.1-sol;shaper=gpt-6.1-sol,builder=max;planner=high;shaper=high,,model
r74-eu-syn-15-validation-ticket-form-kogen-ladder-luna-r74-r2,r74-eu-syn-15-validation-ticket-form-kogen-ladder-luna-r74-r2,kogen-ladder-luna-r74,syn-15-validation-ticket-form,2,PASS,completed,builder=gpt-6-luna;planner=gpt-6.1-sol;shaper=gpt-6.1-sol,builder=max;planner=high;shaper=high,,model
r74-eu-syn-15-validation-ticket-form-kogen-ladder-luna-r74-r3,r74-eu-syn-15-validation-ticket-form-kogen-ladder-luna-r74-r3,kogen-ladder-luna-r74,syn-15-validation-ticket-form,3,PASS,completed,builder=gpt-6-luna;planner=gpt-6.1-sol;shaper=gpt-6.1-sol,builder=max;planner=high;shaper=high,,model
r74-eu-syn-15-validation-ticket-form-kogen-ladder-luna-r74-r4,r74-eu-syn-15-validation-ticket-form-kogen-ladder-luna-r74-r4,kogen-ladder-luna-r74,syn-15-validation-ticket-form,4,PASS,completed,builder=gpt-6-luna;planner=gpt-6.1-sol;shaper=gpt-6.1-sol,builder=max;planner=high;shaper=high,,model
r74-eu-syn-15-validation-ticket-form-kogen-ladder-luna-r74-r5,r74-eu-syn-15-validation-ticket-form-kogen-ladder-luna-r74-r5,kogen-ladder-luna-r74,syn-15-validation-ticket-form,5,PASS,completed,builder=gpt-6-luna;planner=gpt-6.1-sol;shaper=gpt-6.1-sol,builder=max;planner=high;shaper=high,,model
r74-us-syn-20-email-invite-flow-kogen-ladder-luna-r74-r1,r74-us-syn-20-email-invite-flow-kogen-ladder-luna-r74-r1,kogen-ladder-luna-r74,syn-20-email-invite-flow,1,PASS,completed,builder=gpt-6-luna;planner=gpt-6.1-sol;shaper=gpt-6.1-sol,builder=max;planner=high;shaper=high,,model
r74-us-syn-20-email-invite-flow-kogen-ladder-luna-r74-r2,r74-us-syn-20-email-invite-flow-kogen-ladder-luna-r74-r2,kogen-ladder-luna-r74,syn-20-email-invite-flow,2,PASS,completed,builder=gpt-6-luna;planner=gpt-6.1-sol;shaper=gpt-6.1-sol,builder=max;planner=high;shaper=high,,model
r74-us-syn-20-email-invite-flow-kogen-ladder-luna-r74-r3,r74-us-syn-20-email-invite-flow-kogen-ladder-luna-r74-r3,kogen-ladder-luna-r74,syn-20-email-invite-flow,3,PASS,completed,builder=gpt-6-luna;planner=gpt-6.1-sol;shaper=gpt-6.1-sol,builder=max;planner=high;shaper=high,,model
r74-us-syn-20-email-invite-flow-kogen-ladder-luna-r74-r4,r74-us-syn-20-email-invite-flow-kogen-ladder-luna-r74-r4,kogen-ladder-luna-r74,syn-20-email-invite-flow,4,PASS,completed,builder=gpt-6-luna;planner=gpt-6.1-sol;shaper=gpt-6.1-sol,builder=max;planner=high;shaper=high,,model
r74-us-syn-20-email-invite-flow-kogen-ladder-luna-r74-r5,r74-us-syn-20-email-invite-flow-kogen-ladder-luna-r74-r5,kogen-ladder-luna-r74,syn-20-email-invite-flow,5,PASS,completed,builder=gpt-6-luna;planner=gpt-6.1-sol;shaper=gpt-6.1-sol,builder=max;planner=high;shaper=high,,model
r74-eu-syn-24-csv-import-kogen-ladder-luna-r74-r1,r74-eu-syn-24-csv-import-kogen-ladder-luna-r74-r1,kogen-ladder-luna-r74,syn-24-csv-import,1,PASS,completed,builder=gpt-6-luna;planner=gpt-6.1-sol;shaper=gpt-6.1-sol,builder=max;planner=high;shaper=high,,model
r74-eu-syn-24-csv-import-kogen-ladder-luna-r74-r2,r74-eu-syn-24-csv-import-kogen-ladder-luna-r74-r2,kogen-ladder-luna-r74,syn-24-csv-import,2,PASS,completed,builder=gpt-6-luna;planner=gpt-6.1-sol;shaper=gpt-6.1-sol,builder=max;planner=high;shaper=high,,model
r74-eu-syn-24-csv-import-kogen-ladder-luna-r74-r3,r74-eu-syn-24-csv-import-kogen-ladder-luna-r74-r3,kogen-ladder-luna-r74,syn-24-csv-import,3,PASS,completed,builder=gpt-6-luna;planner=gpt-6.1-sol;shaper=gpt-6.1-sol,builder=max;planner=high;shaper=high,,model
r74-eu-syn-24-csv-import-kogen-ladder-luna-r74-r4,r74-eu-syn-24-csv-import-kogen-ladder-luna-r74-r4,kogen-ladder-luna-r74,syn-24-csv-import,4,PASS,completed,builder=gpt-6-luna;planner=gpt-6.1-sol;shaper=gpt-6.1-sol,builder=max;planner=high;shaper=high,,model
r74-eu-syn-24-csv-import-kogen-ladder-luna-r74-r5,r74-eu-syn-24-csv-import-kogen-ladder-luna-r74-r5,kogen-ladder-luna-r74,syn-24-csv-import,5,PASS,completed,builder=gpt-6-luna;planner=gpt-6.1-sol;shaper=gpt-6.1-sol,builder=max;planner=high;shaper=high,,model
r74-us-syn-31-inbound-email-webhook-kogen-ladder-luna-r74-r1,r74-us-syn-31-inbound-email-webhook-kogen-ladder-luna-r74-r1,kogen-ladder-luna-r74,syn-31-inbound-email-webhook,1,FAIL,completed,builder=gpt-6-luna;planner=gpt-6.1-sol;shaper=gpt-6.1-sol,builder=max;planner=high;shaper=high,,model
r74-us-syn-31-inbound-email-webhook-kogen-ladder-luna-r74-r2,r74-us-syn-31-inbound-email-webhook-kogen-ladder-luna-r74-r2,kogen-ladder-luna-r74,syn-31-inbound-email-webhook,2,PASS,completed,builder=gpt-6-luna;planner=gpt-6.1-sol;shaper=gpt-6.1-sol,builder=max;planner=high;shaper=high,,model
r74-us-syn-31-inbound-email-webhook-kogen-ladder-luna-r74-r3,r74-us-syn-31-inbound-email-webhook-kogen-ladder-luna-r74-r3,kogen-ladder-luna-r74,syn-31-inbound-email-webhook,3,FAIL,completed,builder=gpt-6-luna;planner=gpt-6.1-sol;shaper=gpt-6.1-sol,builder=max;planner=high;shaper=high,,model
r74-us-syn-31-inbound-email-webhook-kogen-ladder-luna-r74-r4,r74-us-syn-31-inbound-email-webhook-kogen-ladder-luna-r74-r4,kogen-ladder-luna-r74,syn-31-inbound-email-webhook,4,PASS,completed,builder=gpt-6-luna;planner=gpt-6.1-sol;shaper=gpt-6.1-sol,builder=max;planner=high;shaper=high,,model
r74-us-syn-31-inbound-email-webhook-kogen-ladder-luna-r74-r5,r74-us-syn-31-inbound-email-webhook-kogen-ladder-luna-r74-r5,kogen-ladder-luna-r74,syn-31-inbound-email-webhook,5,PASS,completed,builder=gpt-6-luna;planner=gpt-6.1-sol;shaper=gpt-6.1-sol,builder=max;planner=high;shaper=high,,model
r74-us-elx-02-ingest-supervision-kogen-ladder-sol-high-r74-r1,r74-us-elx-02-ingest-supervision-kogen-ladder-sol-high-r74-r1,kogen-ladder-sol-high-r74,elx-02-ingest-supervision,1,PASS,completed,builder=gpt-6.1-sol;planner=gpt-6.1-sol;shaper=gpt-6.1-sol,builder=high;planner=high;shaper=high,,model
r74-us-elx-02-ingest-supervision-kogen-ladder-sol-high-r74-r2,r74-us-elx-02-ingest-supervision-kogen-ladder-sol-high-r74-r2,kogen-ladder-sol-high-r74,elx-02-ingest-supervision,2,PASS,completed,builder=gpt-6.1-sol;planner=gpt-6.1-sol;shaper=gpt-6.1-sol,builder=high;planner=high;shaper=high,,model
r74-eu-elx-04-queue-backpressure-kogen-ladder-sol-high-r74-r1,r74-eu-elx-04-queue-backpressure-kogen-ladder-sol-high-r74-r1,kogen-ladder-sol-high-r74,elx-04-queue-backpressure,1,PASS,completed,builder=gpt-6.1-sol;planner=gpt-6.1-sol;shaper=gpt-6.1-sol,builder=high;planner=high;shaper=high,,model
r74-eu-elx-04-queue-backpressure-kogen-ladder-sol-high-r74-r2,r74-eu-elx-04-queue-backpressure-kogen-ladder-sol-high-r74-r2,kogen-ladder-sol-high-r74,elx-04-queue-backpressure,2,PASS,completed,builder=gpt-6.1-sol;planner=gpt-6.1-sol;shaper=gpt-6.1-sol,builder=high;planner=high;shaper=high,,model
r74-eu-elx-04-queue-backpressure-kogen-ladder-sol-high-r74-r3,r74-eu-elx-04-queue-backpressure-kogen-ladder-sol-high-r74-r3,kogen-ladder-sol-high-r74,elx-04-queue-backpressure,3,PASS,completed,builder=gpt-6.1-sol;planner=gpt-6.1-sol;shaper=gpt-6.1-sol,builder=high;planner=high;shaper=high,,model
r74-eu-elx-04-queue-backpressure-kogen-ladder-sol-high-r74-r4,r74-eu-elx-04-queue-backpressure-kogen-ladder-sol-high-r74-r4,kogen-ladder-sol-high-r74,elx-04-queue-backpressure,4,PASS,completed,builder=gpt-6.1-sol;planner=gpt-6.1-sol;shaper=gpt-6.1-sol,builder=high;planner=high;shaper=high,,model
r74-eu-elx-04-queue-backpressure-kogen-ladder-sol-high-r74-r5,r74-eu-elx-04-queue-backpressure-kogen-ladder-sol-high-r74-r5,kogen-ladder-sol-high-r74,elx-04-queue-backpressure,5,PASS,completed,builder=gpt-6.1-sol;planner=gpt-6.1-sol;shaper=gpt-6.1-sol,builder=high;planner=high;shaper=high,,model
r74-us-elx-07-cli-stats-kogen-ladder-sol-high-r74-r1,r74-us-elx-07-cli-stats-kogen-ladder-sol-high-r74-r1,kogen-ladder-sol-high-r74,elx-07-cli-stats,1,PASS,completed,builder=gpt-6.1-sol;planner=gpt-6.1-sol;shaper=gpt-6.1-sol,builder=high;planner=high;shaper=high,,model
r74-us-elx-07-cli-stats-kogen-ladder-sol-high-r74-r2,r74-us-elx-07-cli-stats-kogen-ladder-sol-high-r74-r2,kogen-ladder-sol-high-r74,elx-07-cli-stats,2,PASS,completed,builder=gpt-6.1-sol;planner=gpt-6.1-sol;shaper=gpt-6.1-sol,builder=high;planner=high;shaper=high,,model
r74-eu-elx-12-retry-api-deprecation-kogen-ladder-sol-high-r74-r1,r74-eu-elx-12-retry-api-deprecation-kogen-ladder-sol-high-r74-r1,kogen-ladder-sol-high-r74,elx-12-retry-api-deprecation,1,PASS,completed,builder=gpt-6.1-sol;planner=gpt-6.1-sol;shaper=gpt-6.1-sol,builder=high;planner=high;shaper=high,,model
r74-eu-elx-12-retry-api-deprecation-kogen-ladder-sol-high-r74-r2,r74-eu-elx-12-retry-api-deprecation-kogen-ladder-sol-high-r74-r2,kogen-ladder-sol-high-r74,elx-12-retry-api-deprecation,2,PASS,completed,auditor=gpt-6.1-sol;builder=gpt-6.1-sol;planner=gpt-6.1-sol;shaper=gpt-6.1-sol,auditor=high;builder=high;planner=high;shaper=high,,model
r74-eu-elx-12-retry-api-deprecation-kogen-ladder-sol-high-r74-r3,r74-eu-elx-12-retry-api-deprecation-kogen-ladder-sol-high-r74-r3,kogen-ladder-sol-high-r74,elx-12-retry-api-deprecation,3,FAIL,completed,builder=gpt-6.1-sol;planner=gpt-6.1-sol;shaper=gpt-6.1-sol,builder=high;planner=high;shaper=high,,model
r74-eu-elx-12-retry-api-deprecation-kogen-ladder-sol-high-r74-r4,r74-eu-elx-12-retry-api-deprecation-kogen-ladder-sol-high-r74-r4,kogen-ladder-sol-high-r74,elx-12-retry-api-deprecation,4,PASS,completed,auditor=gpt-6.1-sol;builder=gpt-6.1-sol;planner=gpt-6.1-sol;shaper=gpt-6.1-sol,auditor=high;builder=high;planner=high;shaper=high,,model
r74-eu-elx-12-retry-api-deprecation-kogen-ladder-sol-high-r74-r5,r74-eu-elx-12-retry-api-deprecation-kogen-ladder-sol-high-r74-r5,kogen-ladder-sol-high-r74,elx-12-retry-api-deprecation,5,PASS,completed,builder=gpt-6.1-sol;planner=gpt-6.1-sol;shaper=gpt-6.1-sol,builder=high;planner=high;shaper=high,,model
r74-us-elx-port-board-publish-unpublish-public-boundary-kogen-ladder-sol-high-r74-r1,r74-us-elx-port-board-publish-unpublish-public-boundary-kogen-ladder-sol-high-r74-r1,kogen-ladder-sol-high-r74,elx-port-board-publish-unpublish-public-boundary,1,PASS,completed,builder=gpt-6.1-sol;planner=gpt-6.1-sol;shaper=gpt-6.1-sol,builder=high;planner=high;shaper=high,,model
r74-us-elx-port-board-publish-unpublish-public-boundary-kogen-ladder-sol-high-r74-r2,r74-us-elx-port-board-publish-unpublish-public-boundary-kogen-ladder-sol-high-r74-r2,kogen-ladder-sol-high-r74,elx-port-board-publish-unpublish-public-boundary,2,PASS,completed,builder=gpt-6.1-sol;planner=gpt-6.1-sol;shaper=gpt-6.1-sol,builder=high;planner=high;shaper=high,,model
r74-us-elx-port-erase-account-kogen-ladder-sol-high-r74-r1,r74-us-elx-port-erase-account-kogen-ladder-sol-high-r74-r1,kogen-ladder-sol-high-r74,elx-port-erase-account,1,FAIL,completed,builder=gpt-6.1-sol;planner=gpt-6.1-sol;shaper=gpt-6.1-sol,builder=high;planner=high;shaper=high,,model
r74-us-elx-port-erase-account-kogen-ladder-sol-high-r74-r2,r74-us-elx-port-erase-account-kogen-ladder-sol-high-r74-r2,kogen-ladder-sol-high-r74,elx-port-erase-account,2,FAIL,completed,auditor=gpt-6.1-sol;builder=gpt-6.1-sol;planner=gpt-6.1-sol;shaper=gpt-6.1-sol,auditor=high;builder=high;planner=high;shaper=high,,model
r74-us-syn-01-live-ticket-filters-kogen-ladder-sol-high-r74-r1,r74-us-syn-01-live-ticket-filters-kogen-ladder-sol-high-r74-r1,kogen-ladder-sol-high-r74,syn-01-live-ticket-filters,1,PASS,completed,builder=gpt-6.1-sol;planner=gpt-6.1-sol;shaper=gpt-6.1-sol,builder=high;planner=high;shaper=high,,model
r74-eu-syn-06-migration-ticket-numbers-kogen-ladder-sol-high-r74-r1,r74-eu-syn-06-migration-ticket-numbers-kogen-ladder-sol-high-r74-r1,kogen-ladder-sol-high-r74,syn-06-migration-ticket-numbers,1,PASS,completed,auditor=gpt-6.1-sol;builder=gpt-6.1-sol;planner=gpt-6.1-sol;shaper=gpt-6.1-sol,auditor=high;builder=high;planner=high;shaper=high,,model
r74-eu-syn-06-migration-ticket-numbers-kogen-ladder-sol-high-r74-r2,r74-eu-syn-06-migration-ticket-numbers-kogen-ladder-sol-high-r74-r2,kogen-ladder-sol-high-r74,syn-06-migration-ticket-numbers,2,PASS,completed,builder=gpt-6.1-sol;planner=gpt-6.1-sol;shaper=gpt-6.1-sol,builder=high;planner=high;shaper=high,,model
r74-eu-syn-06-migration-ticket-numbers-kogen-ladder-sol-high-r74-r3,r74-eu-syn-06-migration-ticket-numbers-kogen-ladder-sol-high-r74-r3,kogen-ladder-sol-high-r74,syn-06-migration-ticket-numbers,3,PASS,completed,auditor=gpt-6.1-sol;builder=gpt-6.1-sol;planner=gpt-6.1-sol;shaper=gpt-6.1-sol,auditor=high;builder=high;planner=high;shaper=high,,model
r74-eu-syn-06-migration-ticket-numbers-kogen-ladder-sol-high-r74-r4,r74-eu-syn-06-migration-ticket-numbers-kogen-ladder-sol-high-r74-r4,kogen-ladder-sol-high-r74,syn-06-migration-ticket-numbers,4,PASS,completed,builder=gpt-6.1-sol;planner=gpt-6.1-sol;shaper=gpt-6.1-sol,builder=high;planner=high;shaper=high,,model
r74-eu-syn-06-migration-ticket-numbers-kogen-ladder-sol-high-r74-r5,r74-eu-syn-06-migration-ticket-numbers-kogen-ladder-sol-high-r74-r5,kogen-ladder-sol-high-r74,syn-06-migration-ticket-numbers,5,PASS,completed,auditor=gpt-6.1-sol;builder=gpt-6.1-sol;planner=gpt-6.1-sol;shaper=gpt-6.1-sol,auditor=high;builder=high;planner=high;shaper=high,,model
r74-eu-syn-15-validation-ticket-form-kogen-ladder-sol-high-r74-r1,r74-eu-syn-15-validation-ticket-form-kogen-ladder-sol-high-r74-r1,kogen-ladder-sol-high-r74,syn-15-validation-ticket-form,1,PASS,completed,builder=gpt-6.1-sol;planner=gpt-6.1-sol;shaper=gpt-6.1-sol,builder=high;planner=high;shaper=high,,model
r74-eu-syn-15-validation-ticket-form-kogen-ladder-sol-high-r74-r2,r74-eu-syn-15-validation-ticket-form-kogen-ladder-sol-high-r74-r2,kogen-ladder-sol-high-r74,syn-15-validation-ticket-form,2,PASS,completed,builder=gpt-6.1-sol;planner=gpt-6.1-sol;shaper=gpt-6.1-sol,builder=high;planner=high;shaper=high,,model
r74-eu-syn-15-validation-ticket-form-kogen-ladder-sol-high-r74-r3,r74-eu-syn-15-validation-ticket-form-kogen-ladder-sol-high-r74-r3,kogen-ladder-sol-high-r74,syn-15-validation-ticket-form,3,PASS,completed,builder=gpt-6.1-sol;planner=gpt-6.1-sol;shaper=gpt-6.1-sol,builder=high;planner=high;shaper=high,,model
r74-eu-syn-15-validation-ticket-form-kogen-ladder-sol-high-r74-r4,r74-eu-syn-15-validation-ticket-form-kogen-ladder-sol-high-r74-r4,kogen-ladder-sol-high-r74,syn-15-validation-ticket-form,4,PASS,completed,builder=gpt-6.1-sol;planner=gpt-6.1-sol;shaper=gpt-6.1-sol,builder=high;planner=high;shaper=high,,model
r74-eu-syn-15-validation-ticket-form-kogen-ladder-sol-high-r74-r5,r74-eu-syn-15-validation-ticket-form-kogen-ladder-sol-high-r74-r5,kogen-ladder-sol-high-r74,syn-15-validation-ticket-form,5,PASS,completed,builder=gpt-6.1-sol;planner=gpt-6.1-sol;shaper=gpt-6.1-sol,builder=high;planner=high;shaper=high,,model
r74-us-syn-20-email-invite-flow-kogen-ladder-sol-high-r74-r1,r74-us-syn-20-email-invite-flow-kogen-ladder-sol-high-r74-r1,kogen-ladder-sol-high-r74,syn-20-email-invite-flow,1,PASS,completed,builder=gpt-6.1-sol;planner=gpt-6.1-sol;shaper=gpt-6.1-sol,builder=high;planner=high;shaper=high,,model
r74-eu-syn-24-csv-import-kogen-ladder-sol-high-r74-r1,r74-eu-syn-24-csv-import-kogen-ladder-sol-high-r74-r1,kogen-ladder-sol-high-r74,syn-24-csv-import,1,PASS,completed,builder=gpt-6.1-sol;planner=gpt-6.1-sol;shaper=gpt-6.1-sol,builder=high;planner=high;shaper=high,,model
r74-eu-syn-24-csv-import-kogen-ladder-sol-high-r74-r2,r74-eu-syn-24-csv-import-kogen-ladder-sol-high-r74-r2,kogen-ladder-sol-high-r74,syn-24-csv-import,2,PASS,completed,builder=gpt-6.1-sol;planner=gpt-6.1-sol;shaper=gpt-6.1-sol,builder=high;planner=high;shaper=high,,model
r74-eu-syn-24-csv-import-kogen-ladder-sol-high-r74-r3,r74-eu-syn-24-csv-import-kogen-ladder-sol-high-r74-r3,kogen-ladder-sol-high-r74,syn-24-csv-import,3,PASS,completed,builder=gpt-6.1-sol;planner=gpt-6.1-sol;shaper=gpt-6.1-sol,builder=high;planner=high;shaper=high,,model
r74-eu-syn-24-csv-import-kogen-ladder-sol-high-r74-r4,r74-eu-syn-24-csv-import-kogen-ladder-sol-high-r74-r4,kogen-ladder-sol-high-r74,syn-24-csv-import,4,PASS,completed,builder=gpt-6.1-sol;planner=gpt-6.1-sol;shaper=gpt-6.1-sol,builder=high;planner=high;shaper=high,,model
r74-eu-syn-24-csv-import-kogen-ladder-sol-high-r74-r5,r74-eu-syn-24-csv-import-kogen-ladder-sol-high-r74-r5,kogen-ladder-sol-high-r74,syn-24-csv-import,5,PASS,completed,builder=gpt-6.1-sol;planner=gpt-6.1-sol;shaper=gpt-6.1-sol,builder=high;planner=high;shaper=high,,model
r74-us-syn-31-inbound-email-webhook-kogen-ladder-sol-high-r74-r1,r74-us-syn-31-inbound-email-webhook-kogen-ladder-sol-high-r74-r1,kogen-ladder-sol-high-r74,syn-31-inbound-email-webhook,1,PASS,completed,builder=gpt-6.1-sol;planner=gpt-6.1-sol;shaper=gpt-6.1-sol,builder=high;planner=high;shaper=high,,model
r74-eu-elx-04-queue-backpressure-kogen-ladder-sol-medium-r74-r1,r74-eu-elx-04-queue-backpressure-kogen-ladder-sol-medium-r74-r1,kogen-ladder-sol-medium-r74,elx-04-queue-backpressure,1,PASS,completed,builder=gpt-6.1-sol;planner=gpt-6.1-sol;shaper=gpt-6.1-sol,builder=medium;planner=high;shaper=high,,model
r74-eu-elx-12-retry-api-deprecation-kogen-ladder-sol-medium-r74-r1,r74-eu-elx-12-retry-api-deprecation-kogen-ladder-sol-medium-r74-r1,kogen-ladder-sol-medium-r74,elx-12-retry-api-deprecation,1,PASS,completed,builder=gpt-6.1-sol;planner=gpt-6.1-sol;shaper=gpt-6.1-sol,builder=medium;planner=high;shaper=high,,model
r74-eu-syn-06-migration-ticket-numbers-kogen-ladder-sol-medium-r74-r1,r74-eu-syn-06-migration-ticket-numbers-kogen-ladder-sol-medium-r74-r1,kogen-ladder-sol-medium-r74,syn-06-migration-ticket-numbers,1,PASS,completed,builder=gpt-6.1-sol;planner=gpt-6.1-sol;shaper=gpt-6.1-sol,builder=medium;planner=high;shaper=high,,model
