cell_id,arm,task,rep,official_grade_outcome,smoke_disposition,stop_cause,effective_model,effective_effort
r74-us-syn-01-live-ticket-filters-codex-luna-max-smoke-r1,codex-luna-max,syn-01-live-ticket-filters,1,PASS,SELECTED_SMOKE,completed,gpt-6-luna,max
r74-us-syn-01-live-ticket-filters-codex-sol-high-smoke-r1,codex-sol-high,syn-01-live-ticket-filters,1,PASS,SELECTED_SMOKE,completed,gpt-6.1-sol,high
r74-us-syn-01-live-ticket-filters-codex-sol-low-smoke-r1,codex-sol-low,syn-01-live-ticket-filters,1,PASS,SELECTED_SMOKE,completed,gpt-6.1-sol,low
r74-us-syn-01-live-ticket-filters-codex-sol-medium-smoke-r1,codex-sol-medium,syn-01-live-ticket-filters,1,PASS,SELECTED_SMOKE,completed,gpt-6.1-sol,medium
r74-us-syn-01-live-ticket-filters-kogen-ladder-luna-r74-smoke-r1,kogen-ladder-luna-r74,syn-01-live-ticket-filters,1,PASS,WITHDRAWN_ENV_FAULT,proven_wrapper_environment_fault; excluded,builder=gpt-6-luna;planner=gpt-6.1-sol;shaper=gpt-6.1-sol,builder=max;planner=high;shaper=high
r74-us-syn-01-live-ticket-filters-kogen-ladder-luna-r74-smoke-r1-rq1,kogen-ladder-luna-r74,syn-01-live-ticket-filters,1,PASS,SELECTED_SMOKE,completed,builder=gpt-6-luna;planner=gpt-6.1-sol;shaper=gpt-6.1-sol,builder=max;planner=high;shaper=high
r74-us-syn-01-live-ticket-filters-kogen-ladder-sol-high-r74-smoke-r1,kogen-ladder-sol-high-r74,syn-01-live-ticket-filters,1,PASS,SELECTED_SMOKE,completed,builder=gpt-6.1-sol;planner=gpt-6.1-sol;shaper=gpt-6.1-sol,builder=high;planner=high;shaper=high
r74-us-syn-01-live-ticket-filters-kogen-ladder-sol-low-r74-smoke-r1,kogen-ladder-sol-low-r74,syn-01-live-ticket-filters,1,PASS,SELECTED_SMOKE,completed,builder=gpt-6.1-sol;planner=gpt-6.1-sol;shaper=gpt-6.1-sol,builder=low;planner=high;shaper=high
r74-us-syn-01-live-ticket-filters-kogen-ladder-sol-medium-r74-smoke-r1,kogen-ladder-sol-medium-r74,syn-01-live-ticket-filters,1,PASS,SELECTED_SMOKE,completed,auditor=gpt-6.1-sol;builder=gpt-6.1-sol;planner=gpt-6.1-sol;shaper=gpt-6.1-sol,auditor=high;builder=medium;planner=high;shaper=high
