cell_id,plan_index,pair_order,task,stack,rep,outcome,tests_passed,tests_total,uncached_input_tokens,cached_input_tokens,output_tokens,reasoning_tokens,wall_s,model,effort,cli_version,host,grade_route,base_sha
codex__gpt-6-luna__max__default__r70-4-rust__r2,0,1,r70-4-rust,rust,2,pass,18,18,59823,779776,33380,22854,341.937,gpt-6-luna,max,codex-cli 0.161.0,kogen-bench-eu,r70-macbook-window-v1,4211fe638592cc4266d25e630417c6920a544188
codex__gpt-6-luna__max__default__r70-4-zig__r2,1,1,r70-4-zig,zig,2,fail,17,18,80831,1110016,26659,16954,298.293,gpt-6-luna,max,codex-cli 0.161.0,kogen-bench-eu,r70-macbook-window-v1,175035dc43373ba079d122b5425eaef9300150b0
codex__gpt-6-luna__max__default__r70-7-zig__r1,2,2,r70-7-zig,zig,1,pass,24,24,57132,653824,21288,13999,287.801,gpt-6-luna,max,codex-cli 0.161.0,kogen-bench-eu,r70-macbook-window-v1,7e9838a12708b1cc02b91839157c7fe30ab13103
codex__gpt-6-luna__max__default__r70-7-rust__r1,3,2,r70-7-rust,rust,1,pass,24,24,36885,405760,15759,10268,205.057,gpt-6-luna,max,codex-cli 0.161.0,kogen-bench-eu,r70-macbook-window-v1,111a0c776ae6d93f6e7fccd3fc694d5f4fa26838
codex__gpt-6-luna__max__default__r70-1-zig__r1,4,3,r70-1-zig,zig,1,pass,25,25,72755,1236480,33091,20366,390.136,gpt-6-luna,max,codex-cli 0.161.0,kogen-bench-eu,r70-macbook-window-v1,8613a037f38a51f008b63eef50844072323a113f
codex__gpt-6-luna__max__default__r70-1-rust__r1,5,3,r70-1-rust,rust,1,pass,25,25,55126,304384,20535,15051,227.561,gpt-6-luna,max,codex-cli 0.161.0,kogen-bench-eu,r70-macbook-window-v1,76b4f1fdc3bfb10f6a145de9c912fb0056239c16
codex__gpt-6-luna__max__default__r70-4-zig__r3,6,4,r70-4-zig,zig,3,fail,17,18,75392,816640,31027,19813,307.251,gpt-6-luna,max,codex-cli 0.161.0,kogen-bench-eu,r70-macbook-window-v1,175035dc43373ba079d122b5425eaef9300150b0
codex__gpt-6-luna__max__default__r70-4-rust__r3,7,4,r70-4-rust,rust,3,fail,15,18,34170,282624,21886,17567,267.172,gpt-6-luna,max,codex-cli 0.161.0,kogen-bench-eu,r70-macbook-window-v1,4211fe638592cc4266d25e630417c6920a544188
codex__gpt-6-luna__max__default__r70-6-zig__r3,8,5,r70-6-zig,zig,3,pass,24,24,70298,1103872,23827,15713,319.777,gpt-6-luna,max,codex-cli 0.161.0,kogen-bench-eu,r70-macbook-window-v1,eb118b6cf27a9b146d1b565aea5c47e9210d511a
codex__gpt-6-luna__max__default__r70-6-rust__r3,9,5,r70-6-rust,rust,3,pass,24,24,33431,298240,15648,9993,295.835,gpt-6-luna,max,codex-cli 0.161.0,kogen-bench-eu,r70-macbook-window-v1,2e15e5332f42c34957417a8ca69d747fb01bf488
codex__gpt-6-luna__max__default__r70-5-zig__r2,10,6,r70-5-zig,zig,2,pass,24,24,44177,524032,22331,15335,239.595,gpt-6-luna,max,codex-cli 0.161.0,kogen-bench-eu,r70-macbook-window-v1,b2b06df2737db0546d0aee30e20a0aa5390be4e2
codex__gpt-6-luna__max__default__r70-5-rust__r2,11,6,r70-5-rust,rust,2,pass,24,24,36940,298752,22606,14025,277.261,gpt-6-luna,max,codex-cli 0.161.0,kogen-bench-eu,r70-macbook-window-v1,8981c5fcfeecbd5851e01cca3531a8d96afa9376
codex__gpt-6-luna__max__default__r70-6-zig__r2,12,7,r70-6-zig,zig,2,pass,24,24,59936,558080,17411,11296,298.945,gpt-6-luna,max,codex-cli 0.161.0,kogen-bench-eu,r70-macbook-window-v1,eb118b6cf27a9b146d1b565aea5c47e9210d511a
codex__gpt-6-luna__max__default__r70-6-rust__r2,13,7,r70-6-rust,rust,2,fail,23,24,24486,178688,12974,8995,136.588,gpt-6-luna,max,codex-cli 0.161.0,kogen-bench-eu,r70-macbook-window-v1,2e15e5332f42c34957417a8ca69d747fb01bf488
codex__gpt-6-luna__max__default__r70-7-rust__r3,14,8,r70-7-rust,rust,3,pass,24,24,48634,421120,19725,11256,180.526,gpt-6-luna,max,codex-cli 0.161.0,kogen-bench-eu,r70-macbook-window-v1,111a0c776ae6d93f6e7fccd3fc694d5f4fa26838
codex__gpt-6-luna__max__default__r70-7-zig__r3,15,8,r70-7-zig,zig,3,pass,24,24,62275,326656,15755,9851,178.584,gpt-6-luna,max,codex-cli 0.161.0,kogen-bench-eu,r70-macbook-window-v1,7e9838a12708b1cc02b91839157c7fe30ab13103
codex__gpt-6-luna__max__default__r70-5-zig__r3,16,9,r70-5-zig,zig,3,pass,24,24,52853,289024,18164,12751,208.133,gpt-6-luna,max,codex-cli 0.161.0,kogen-bench-eu,r70-macbook-window-v1,b2b06df2737db0546d0aee30e20a0aa5390be4e2
codex__gpt-6-luna__max__default__r70-5-rust__r3,17,9,r70-5-rust,rust,3,pass,24,24,55612,272896,18313,12742,192.356,gpt-6-luna,max,codex-cli 0.161.0,kogen-bench-eu,r70-macbook-window-v1,8981c5fcfeecbd5851e01cca3531a8d96afa9376
codex__gpt-6-luna__max__default__r70-6-zig__r1,18,10,r70-6-zig,zig,1,fail,23,24,56654,550656,18179,11670,209.143,gpt-6-luna,max,codex-cli 0.161.0,kogen-bench-eu,r70-macbook-window-v1,eb118b6cf27a9b146d1b565aea5c47e9210d511a
codex__gpt-6-luna__max__default__r70-6-rust__r1,19,10,r70-6-rust,rust,1,pass,24,24,45575,435712,20608,14514,199.209,gpt-6-luna,max,codex-cli 0.161.0,kogen-bench-eu,r70-macbook-window-v1,2e15e5332f42c34957417a8ca69d747fb01bf488
codex__gpt-6-luna__max__default__r70-5-zig__r1,20,11,r70-5-zig,zig,1,pass,24,24,31420,273152,18379,12643,198.116,gpt-6-luna,max,codex-cli 0.161.0,kogen-bench-eu,r70-macbook-window-v1,b2b06df2737db0546d0aee30e20a0aa5390be4e2
codex__gpt-6-luna__max__default__r70-5-rust__r1,21,11,r70-5-rust,rust,1,fail,23,24,46512,352256,21288,16141,233.051,gpt-6-luna,max,codex-cli 0.161.0,kogen-bench-eu,r70-macbook-window-v1,8981c5fcfeecbd5851e01cca3531a8d96afa9376
codex__gpt-6-luna__max__default__r70-2-rust__r2,22,12,r70-2-rust,rust,2,pass,25,25,55002,486912,20098,15047,235.954,gpt-6-luna,max,codex-cli 0.161.0,kogen-bench-eu,r70-macbook-window-v1,3bc3eac673cc5f4e81d1dd6b359998464eb9050d
codex__gpt-6-luna__max__default__r70-2-zig__r2,23,12,r70-2-zig,zig,2,pass,25,25,97521,1186816,41935,30297,445.514,gpt-6-luna,max,codex-cli 0.161.0,kogen-bench-eu,r70-macbook-window-v1,643b716b4b039238687fdb493fa3eb80f365cf31
codex__gpt-6-luna__max__default__r70-3-rust__r3,24,13,r70-3-rust,rust,3,pass,28,28,80488,1424128,41491,21553,460.019,gpt-6-luna,max,codex-cli 0.161.0,kogen-bench-eu,r70-macbook-window-v1,4b1644b7892346550d2a0b9b37d0c57f2a257a20
codex__gpt-6-luna__max__default__r70-3-zig__r3,25,13,r70-3-zig,zig,3,fail,4,28,125519,2903040,52941,36877,557.599,gpt-6-luna,max,codex-cli 0.161.0,kogen-bench-eu,r70-macbook-window-v1,e595aa5b4b554f79562599084b74e3af988a2da1
codex__gpt-6-luna__max__default__r70-1-rust__r3,26,14,r70-1-rust,rust,3,pass,25,25,122949,1131776,37200,27057,401.838,gpt-6-luna,max,codex-cli 0.161.0,kogen-bench-eu,r70-macbook-window-v1,76b4f1fdc3bfb10f6a145de9c912fb0056239c16
codex__gpt-6-luna__max__default__r70-1-zig__r3,27,14,r70-1-zig,zig,3,pass,25,25,54976,793856,31561,16890,356.264,gpt-6-luna,max,codex-cli 0.161.0,kogen-bench-eu,r70-macbook-window-v1,8613a037f38a51f008b63eef50844072323a113f
codex__gpt-6-luna__max__default__r70-4-rust__r1,28,15,r70-4-rust,rust,1,pass,18,18,75897,1194752,32185,19291,286.64,gpt-6-luna,max,codex-cli 0.161.0,kogen-bench-eu,r70-macbook-window-v1,4211fe638592cc4266d25e630417c6920a544188
codex__gpt-6-luna__max__default__r70-4-zig__r1,29,15,r70-4-zig,zig,1,fail,17,18,60977,1058816,29138,22265,377.007,gpt-6-luna,max,codex-cli 0.161.0,kogen-bench-eu,r70-macbook-window-v1,175035dc43373ba079d122b5425eaef9300150b0
codex__gpt-6-luna__max__default__r70-7-zig__r2,30,16,r70-7-zig,zig,2,pass,24,24,46240,633344,19846,12285,189.925,gpt-6-luna,max,codex-cli 0.161.0,kogen-bench-eu,r70-macbook-window-v1,7e9838a12708b1cc02b91839157c7fe30ab13103
codex__gpt-6-luna__max__default__r70-7-rust__r2,31,16,r70-7-rust,rust,2,pass,24,24,41381,241152,12151,7483,114.062,gpt-6-luna,max,codex-cli 0.161.0,kogen-bench-eu,r70-macbook-window-v1,111a0c776ae6d93f6e7fccd3fc694d5f4fa26838
codex__gpt-6-luna__max__default__r70-1-zig__r2,32,17,r70-1-zig,zig,2,pass,25,25,83195,1385216,33934,20680,383.503,gpt-6-luna,max,codex-cli 0.161.0,kogen-bench-eu,r70-macbook-window-v1,8613a037f38a51f008b63eef50844072323a113f
codex__gpt-6-luna__max__default__r70-1-rust__r2,33,17,r70-1-rust,rust,2,pass,25,25,51699,618752,23872,15426,250.727,gpt-6-luna,max,codex-cli 0.161.0,kogen-bench-eu,r70-macbook-window-v1,76b4f1fdc3bfb10f6a145de9c912fb0056239c16
codex__gpt-6-luna__max__default__r70-2-rust__r1,34,18,r70-2-rust,rust,1,pass,25,25,77284,632576,28037,22592,290.557,gpt-6-luna,max,codex-cli 0.161.0,kogen-bench-eu,r70-macbook-window-v1,3bc3eac673cc5f4e81d1dd6b359998464eb9050d
codex__gpt-6-luna__max__default__r70-2-zig__r1,35,18,r70-2-zig,zig,1,fail,21,25,50540,508672,30798,22370,310.184,gpt-6-luna,max,codex-cli 0.161.0,kogen-bench-eu,r70-macbook-window-v1,643b716b4b039238687fdb493fa3eb80f365cf31
codex__gpt-6-luna__max__default__r70-3-rust__r1,36,19,r70-3-rust,rust,1,pass,28,28,111161,1715968,49306,35090,528.362,gpt-6-luna,max,codex-cli 0.161.0,kogen-bench-eu,r70-macbook-window-v1,4b1644b7892346550d2a0b9b37d0c57f2a257a20
codex__gpt-6-luna__max__default__r70-3-zig__r1,37,19,r70-3-zig,zig,1,fail,4,28,120337,1762048,47679,32244,487.314,gpt-6-luna,max,codex-cli 0.161.0,kogen-bench-eu,r70-macbook-window-v1,e595aa5b4b554f79562599084b74e3af988a2da1
codex__gpt-6-luna__max__default__r70-3-rust__r2,38,20,r70-3-rust,rust,2,pass,28,28,110664,2453760,42830,28196,567.97,gpt-6-luna,max,codex-cli 0.161.0,kogen-bench-eu,r70-macbook-window-v1,4b1644b7892346550d2a0b9b37d0c57f2a257a20
codex__gpt-6-luna__max__default__r70-3-zig__r2,39,20,r70-3-zig,zig,2,pass,28,28,110288,1879808,40933,23609,425.618,gpt-6-luna,max,codex-cli 0.161.0,kogen-bench-eu,r70-macbook-window-v1,e595aa5b4b554f79562599084b74e3af988a2da1
codex__gpt-6-luna__max__default__r70-2-zig__r3,40,21,r70-2-zig,zig,3,pass,25,25,108871,822272,33657,23494,356.659,gpt-6-luna,max,codex-cli 0.161.0,kogen-bench-eu,r70-macbook-window-v1,643b716b4b039238687fdb493fa3eb80f365cf31
codex__gpt-6-luna__max__default__r70-2-rust__r3,41,21,r70-2-rust,rust,3,pass,25,25,63759,389888,26725,21462,327.657,gpt-6-luna,max,codex-cli 0.161.0,kogen-bench-eu,r70-macbook-window-v1,3bc3eac673cc5f4e81d1dd6b359998464eb9050d
