attempt_pair,fixture,arm_first,transport_complete,transport_reason,shared_input,shared_cached,shared_share,shared_gap_ms,shared_primer_stream,shared_probe_stream,distinct_input,distinct_cached,distinct_share,distinct_gap_ms,distinct_primer_stream,distinct_probe_stream,success,difference_distinct_minus_shared
1,builder,distinct,True,,11259,11008,0.9777067235100808,5005,complete,incomplete,11260,0,0.0,5002,complete,complete,True,-0.9777067235100808
2,builder,shared,True,,11258,11008,0.9777935690175875,5004,complete,complete,11258,0,0.0,5005,incomplete,complete,True,-0.9777935690175875
3,builder,distinct,True,,11261,0,0.0,5004,complete,complete,11263,0,0.0,5002,complete,complete,False,0.0
4,builder,distinct,True,,11261,11008,0.9775330787674275,5005,complete,complete,11258,11008,0.9777935690175875,5005,complete,complete,False,0.00026049025016006144
5,builder,distinct,True,,11259,0,0.0,5002,complete,complete,11260,0,0.0,5000,complete,complete,False,0.0
6,shaper,shared,True,,11492,11008,0.9578837452140619,5004,complete,complete,11491,0,0.0,5000,complete,complete,True,-0.9578837452140619
7,builder,distinct,True,,11260,0,0.0,5000,complete,complete,11258,0,0.0,5003,complete,complete,False,0.0
8,shaper,distinct,True,,11492,0,0.0,5004,complete,complete,11496,0,0.0,5004,complete,complete,False,0.0
9,builder,shared,True,,11259,11008,0.9777067235100808,5000,complete,complete,11262,11008,0.9774462795240633,5005,complete,complete,False,-0.0002604439860175445
10,shaper,distinct,True,,11493,11008,0.9578004002436266,5004,complete,complete,11493,0,0.0,5004,complete,complete,True,-0.9578004002436266
11,shaper,shared,True,,11495,11008,0.9576337538060026,5002,complete,complete,11498,0,0.0,5001,complete,complete,True,-0.9576337538060026
