smoke.version	pass
smoke.status-empty	pass
smoke.init	fail
smoke.shape-approve-queue-land	fail
quint.approve.seed-20270010	fail
quint.approve.seed-20270011	fail
quint.approve.seed-20270012	fail
quint.approve.seed-20270013	fail
quint.approve.seed-20270014	fail
quint.approve.seed-20270016	fail
quint.approve.seed-20270015	fail
quint.approve.seed-20270017	error
quint.build.seed-20271012	pass
quint.build.seed-20271010	fail
quint.build.seed-20271013	pass
quint.build.seed-20271011	pass
quint.build.seed-20271016	pass
quint.build.seed-20271014	fail
quint.build.seed-20271015	pass
quint.build.seed-20271017	pass
quint.check.seed-20272013	fail
quint.check.seed-20272010	fail
quint.check.seed-20272011	fail
quint.check.seed-20272012	fail
quint.check.seed-20272016	fail
quint.check.seed-20272014	fail
quint.check.seed-20272015	fail
quint.check.seed-20272017	fail
quint.cli.seed-20261010	error
quint.cli.seed-20261012	error
quint.cli.seed-20261011	error
quint.cli.seed-20261013	error
quint.cli.seed-20261014	error
quint.cli.seed-20261016	error
quint.cli.seed-20261015	error
quint.config.seed-20264013	pass
quint.config.seed-20264010	pass
quint.config.seed-20264014	pass
quint.config.seed-20264017	pass
quint.config.seed-20264016	pass
quint.cli.seed-20261017	error
quint.config.seed-20264020	pass
quint.config.seed-20264051	pass
quint.config.seed-20264047	pass
quint.git.seed-20262010	pass
quint.git.seed-20262011	pass
quint.git.seed-20262013	pass
quint.git.seed-20262012	pass
quint.git.seed-20262016	pass
quint.git.seed-20262015	pass
quint.init.seed-20267011	error
quint.git.seed-20262014	pass
quint.init.seed-20267010	error
quint.init.seed-20267012	error
quint.init.seed-20267014	error
quint.init.seed-20267013	error
quint.git.seed-20262017	pass
quint.init.seed-20267015	error
quint.init.seed-20267017	pass
quint.init.seed-20267016	pass
quint.intent.seed-20268010	pass
quint.intent.seed-20268012	pass
quint.intent.seed-20268011	pass
quint.intent.seed-20268013	pass
quint.intent.seed-20268014	pass
quint.intent.seed-20268015	pass
quint.intent.seed-20268016	pass
quint.intent.seed-20268017	pass
quint.landing.seed-20273013	pass
quint.landing.seed-20273011	pass
quint.landing.seed-20273012	pass
quint.landing.seed-20273010	pass
quint.landing.seed-20273014	pass
quint.landing.seed-20273015	pass
quint.landing.seed-20273016	pass
quint.landing.seed-20273017	pass
quint.process.seed-20263010	fail
quint.process.seed-20263011	fail
quint.process.seed-20263012	fail
quint.process.seed-20263013	fail
quint.process.seed-20263014	fail
quint.process.seed-20263015	fail
quint.queue.seed-20274010	pass
quint.process.seed-20263016	fail
quint.queue.seed-20274012	pass
quint.queue.seed-20274013	pass
quint.queue.seed-20274011	pass
quint.queue.seed-20274014	pass
quint.process.seed-20263017	fail
quint.queue.seed-20274016	pass
quint.queue.seed-20274017	pass
quint.queue.seed-20274015	pass
quint.recovery.seed-20266010	error
quint.recovery.seed-20266011	error
quint.recovery.seed-20266012	error
quint.recovery.seed-20266014	error
quint.recovery.seed-20266013	error
quint.recovery.seed-20266015	error
quint.recovery.seed-20266016	error
quint.shape.seed-20269010	pass
quint.recovery.seed-20266017	error
quint.shape.seed-20269011	fail
quint.shape.seed-20269012	fail
quint.shape.seed-20269013	fail
quint.shape.seed-20269014	pass
quint.shape.seed-20269016	pass
quint.shape.seed-20269017	pass
quint.shape.seed-20269015	fail
quint.status.seed-20265013	error
quint.status.seed-20265010	pass
quint.status.seed-20265011	pass
quint.status.seed-20265012	pass
quint.status.seed-20265014	fail
quint.status.seed-20265015	error
quint.status.seed-20265016	error
quint.status.seed-20265017	error
feature.03-cli.top-level-help-lists-implemented-commands-and-the-reserved-update-command	fail
feature.01-purpose.the-ordinary-executable-returns-an-unapproved-intent-from-the-shaper	pass
feature.03-cli.content-and-undeclared-model-options-are-rejected-by-argv-parsing	pass
feature.03-cli.text-and-jsonl-status-expose-a-shaped-draft	pass
feature.04-lifecycle.init-preserves-existing-ignore-rules-and-commits-exactly-its-two-paths	pass
feature.04-lifecycle.init-creates-the-exact-bare-config-and-initial-history-commit	pass
feature.04-lifecycle.init-is-a-no-op-for-an-existing-valid-config	pass
feature.04-lifecycle.config-validation-rejects-duplicate-yaml-keys	pass
feature.04-lifecycle.config-validation-rejects-unknown-keys-at-the-top-level	pass
feature.04-lifecycle.check-config-rejects-shell-strings-zero-timeouts-and-unknown-check-keys	pass
feature.04-lifecycle.shape-reads-the-request-from-a-file-and-returns-an-unapproved-intent	pass
feature.04-lifecycle.shape-accepts-the-same-exact-request-bytes-from-stdin	pass
feature.04-lifecycle.shape-may-return-branching-questions-without-manufacturing-an-intent	fail
feature.04-lifecycle.the-review-card-shows-an-exact-hash-and-approval-waits-for-a-caller-action	pass
feature.04-lifecycle.changing-one-approved-intent-byte-invalidates-the-saved-approval-hash	pass
feature.04-lifecycle.changing-the-accepted-rust-source-bytes-invalidates-their-approval	pass
feature.04-lifecycle.a-timed-out-check-is-could-not-check-and-cannot-land	pass
feature.04-lifecycle.foreground-queue-start-checks-and-lands-the-exact-candidate-into-the-checkout	fail
feature.04-lifecycle.a-known-red-project-check-prevents-landing	fail
feature.03-cli.a-detached-queue-completes-its-current-build-after-stop-while-watch-observes-changed-state	fail
feature.05-state.a-crashed-build-remains-unverified-and-its-preserved-recovery-expires-on-the-test-clock	fail
feature.06-provider.injected-auth-calls-the-fake-endpoint-without-becoming-a-saved-login	pass
feature.06-provider.login-project-account-use-and-logout-affect-only-the-selected-machine-account	fail
feature.04-lifecycle.the-absolute-build-budget-covers-the-builder-response-and-blocks-landing-on-expiry	pass
feature.06-provider.expired-injected-auth-is-rejected-before-any-fake-provider-request	pass
feature.07-commits.a-landed-build-is-one-ordinary-commit-with-the-sole-kogen-intent-trailer	fail
feature.07-commits.a-failing-user-pre-commit-hook-prevents-branch-publication	fail
feature.04-lifecycle.a-lost-publication-cas-rebases-on-the-new-tip-and-rechecks-before-landing	fail
