arm,variant,task_id,seed,rep,cell_id,host,model,effort,outcome,tests_passed,tests_total,uncached_input_tokens,cached_input_tokens,output_tokens,grade_route,runner_status,grade_finished_at,control_release_order,wrapper_cli_reported,wrapper_sha256
control,r70-2-go,r70-2-go,1,51,codex__gpt-6-luna__max__default__r70-2-go__r51,kogen-bench-us,gpt-6-luna,max,pass,25,25,37369,285184,17447,r70-macbook-window-v1,ok,2026-10-07T14:49:10Z,1,Codex 0.159.3,08019d8aab7c15481f6d14126645eebd7b2c2c98025f94118baeee2167e4a300
control,r70-2-go,r70-2-go,2,52,codex__gpt-6-luna__max__default__r70-2-go__r52,kogen-bench-us,gpt-6-luna,max,fail,21,25,44964,433408,20254,r70-macbook-window-v1,ok,2026-10-07T14:49:34Z,2,Codex 0.159.3,08019d8aab7c15481f6d14126645eebd7b2c2c98025f94118baeee2167e4a300
control,r70-2-go,r70-2-go,3,53,codex__gpt-6-luna__max__default__r70-2-go__r53,kogen-bench-us,gpt-6-luna,max,pass,25,25,66959,389376,25649,r70-macbook-window-v1,ok,2026-10-07T14:49:59Z,3,Codex 0.159.3,08019d8aab7c15481f6d14126645eebd7b2c2c98025f94118baeee2167e4a300
packet,r70-2-go,r70-2-go-l4pk,1,1,codex__gpt-6-luna__max__default__r70-2-go-l4pk__r1,kogen-bench-us,gpt-6-luna,max,pass,25,25,37987,399616,18640,r70-macbook-window-v1,ok,2026-10-07T11:41:57Z,,Codex 0.159.3,08019d8aab7c15481f6d14126645eebd7b2c2c98025f94118baeee2167e4a300
packet,r70-2-go,r70-2-go-l4pk,2,2,codex__gpt-6-luna__max__default__r70-2-go-l4pk__r2,kogen-bench-us,gpt-6-luna,max,pass,25,25,105469,704512,25243,r70-macbook-window-v1,ok,2026-10-07T13:23:36Z,,Codex 0.159.3,08019d8aab7c15481f6d14126645eebd7b2c2c98025f94118baeee2167e4a300
packet,r70-2-go,r70-2-go-l4pk,3,3,codex__gpt-6-luna__max__default__r70-2-go-l4pk__r3,kogen-bench-us,gpt-6-luna,max,pass,25,25,44288,563712,23152,r70-macbook-window-v1,ok,2026-10-07T13:24:00Z,,Codex 0.159.3,08019d8aab7c15481f6d14126645eebd7b2c2c98025f94118baeee2167e4a300
control,r70-2-elixir,r70-2-elixir,1,51,codex__gpt-6-luna__max__default__r70-2-elixir__r51,kogen-bench-eu,gpt-6-luna,max,fail,21,25,52865,756736,32373,r70-macbook-window-v1,ok,2026-10-07T16:43:16Z,8,Codex 0.159.3,08019d8aab7c15481f6d14126645eebd7b2c2c98025f94118baeee2167e4a300
control,r70-2-elixir,r70-2-elixir,2,52,codex__gpt-6-luna__max__default__r70-2-elixir__r52,kogen-bench-eu,gpt-6-luna,max,fail,21,25,476992,23525888,145930,r70-macbook-window-v1,ok,2026-10-07T16:44:45Z,6,Codex 0.159.3,08019d8aab7c15481f6d14126645eebd7b2c2c98025f94118baeee2167e4a300
control,r70-2-elixir,r70-2-elixir,3,53,codex__gpt-6-luna__max__default__r70-2-elixir__r53,kogen-bench-eu,gpt-6-luna,max,pass,25,25,117219,1923584,48675,r70-macbook-window-v1,ok,2026-10-07T16:22:19Z,3,Codex 0.159.3,08019d8aab7c15481f6d14126645eebd7b2c2c98025f94118baeee2167e4a300
packet,r70-2-elixir,r70-2-elixir-l4pk,1,1,codex__gpt-6-luna__max__default__r70-2-elixir-l4pk__r1,kogen-bench-eu,gpt-6-luna,max,pass,25,25,204001,10556928,82407,r70-macbook-window-v1,ok,2026-10-07T13:03:15Z,,Codex 0.159.3,08019d8aab7c15481f6d14126645eebd7b2c2c98025f94118baeee2167e4a300
packet,r70-2-elixir,r70-2-elixir-l4pk,2,2,codex__gpt-6-luna__max__default__r70-2-elixir-l4pk__r2,kogen-bench-eu,gpt-6-luna,max,pass,25,25,219129,10927360,99716,r70-macbook-window-v1,ok,2026-10-07T16:28:18Z,,Codex 0.159.3,08019d8aab7c15481f6d14126645eebd7b2c2c98025f94118baeee2167e4a300
packet,r70-2-elixir,r70-2-elixir-l4pk,3,3,codex__gpt-6-luna__max__default__r70-2-elixir-l4pk__r3,kogen-bench-eu,gpt-6-luna,max,pass,25,25,145274,2234624,55772,r70-macbook-window-v1,ok,2026-10-07T16:29:49Z,,Codex 0.159.3,08019d8aab7c15481f6d14126645eebd7b2c2c98025f94118baeee2167e4a300
control,r70-4-elixir-fe2,r70-4-elixir-fe2,1,51,codex__gpt-6-luna__max__default__r70-4-elixir-fe2__r51,kogen-bench-eu,gpt-6-luna,max,fail,17,18,48506,640768,22595,r70-macbook-window-v1,ok,2026-10-07T16:46:00Z,7,Codex 0.159.3,08019d8aab7c15481f6d14126645eebd7b2c2c98025f94118baeee2167e4a300
control,r70-4-elixir-fe2,r70-4-elixir-fe2,2,52,codex__gpt-6-luna__max__default__r70-4-elixir-fe2__r52,kogen-bench-eu,gpt-6-luna,max,fail,17,18,84969,1319680,38212,r70-macbook-window-v1,ok,2026-10-07T19:02:49Z,9,Codex 0.159.3,08019d8aab7c15481f6d14126645eebd7b2c2c98025f94118baeee2167e4a300
control,r70-4-elixir-fe2,r70-4-elixir-fe2,3,53,codex__gpt-6-luna__max__default__r70-4-elixir-fe2__r53,kogen-bench-eu,gpt-6-luna,max,fail,17,18,99576,967936,34284,r70-macbook-window-v1,ok,2026-10-07T16:31:04Z,2,Codex 0.159.3,08019d8aab7c15481f6d14126645eebd7b2c2c98025f94118baeee2167e4a300
packet,r70-4-elixir-fe2,r70-4-elixir-fe2-l4pk,1,1,codex__gpt-6-luna__max__default__r70-4-elixir-fe2-l4pk__r1,kogen-bench-eu,gpt-6-luna,max,fail,17,18,57757,874496,28522,r70-macbook-window-v1,ok,2026-10-07T13:04:31Z,,Codex 0.159.3,08019d8aab7c15481f6d14126645eebd7b2c2c98025f94118baeee2167e4a300
packet,r70-4-elixir-fe2,r70-4-elixir-fe2-l4pk,2,2,codex__gpt-6-luna__max__default__r70-4-elixir-fe2-l4pk__r2,kogen-bench-eu,gpt-6-luna,max,fail,17,18,70481,1088768,27267,r70-macbook-window-v1,ok,2026-10-07T16:36:07Z,,Codex 0.159.3,08019d8aab7c15481f6d14126645eebd7b2c2c98025f94118baeee2167e4a300
packet,r70-4-elixir-fe2,r70-4-elixir-fe2-l4pk,3,3,codex__gpt-6-luna__max__default__r70-4-elixir-fe2-l4pk__r3,kogen-bench-eu,gpt-6-luna,max,fail,17,18,74987,794112,27403,r70-macbook-window-v1,ok,2026-10-07T16:37:22Z,,Codex 0.159.3,08019d8aab7c15481f6d14126645eebd7b2c2c98025f94118baeee2167e4a300
control,r70-7-rust,r70-7-rust,1,51,codex__gpt-6-luna__max__default__r70-7-rust__r51,kogen-bench-eu,gpt-6-luna,max,fail,23,24,33868,282112,18308,r70-macbook-window-v1,ok,2026-10-07T16:37:24Z,4,Codex 0.159.3,08019d8aab7c15481f6d14126645eebd7b2c2c98025f94118baeee2167e4a300
control,r70-7-rust,r70-7-rust,2,52,codex__gpt-6-luna__max__default__r70-7-rust__r52,kogen-bench-eu,gpt-6-luna,max,fail,23,24,54459,307200,15363,r70-macbook-window-v1,ok,2026-10-07T16:37:26Z,5,Codex 0.159.3,08019d8aab7c15481f6d14126645eebd7b2c2c98025f94118baeee2167e4a300
control,r70-7-rust,r70-7-rust,3,53,codex__gpt-6-luna__max__default__r70-7-rust__r53,kogen-bench-eu,gpt-6-luna,max,fail,23,24,49732,152064,15095,r70-macbook-window-v1,ok,2026-10-07T16:37:28Z,1,Codex 0.159.3,08019d8aab7c15481f6d14126645eebd7b2c2c98025f94118baeee2167e4a300
packet,r70-7-rust,r70-7-rust-l4pk,1,1,codex__gpt-6-luna__max__default__r70-7-rust-l4pk__r1,kogen-bench-eu,gpt-6-luna,max,pass,24,24,54287,275968,13543,r70-macbook-window-v1,ok,2026-10-07T13:04:37Z,,Codex 0.159.3,08019d8aab7c15481f6d14126645eebd7b2c2c98025f94118baeee2167e4a300
packet,r70-7-rust,r70-7-rust-l4pk,2,2,codex__gpt-6-luna__max__default__r70-7-rust-l4pk__r2,kogen-bench-eu,gpt-6-luna,max,pass,24,24,73438,222464,17319,r70-macbook-window-v1,ok,2026-10-07T16:37:38Z,,Codex 0.159.3,08019d8aab7c15481f6d14126645eebd7b2c2c98025f94118baeee2167e4a300
packet,r70-7-rust,r70-7-rust-l4pk,3,3,codex__gpt-6-luna__max__default__r70-7-rust-l4pk__r3,kogen-bench-eu,gpt-6-luna,max,pass,24,24,35316,347136,14330,r70-macbook-window-v1,ok,2026-10-07T16:37:40Z,,Codex 0.159.3,08019d8aab7c15481f6d14126645eebd7b2c2c98025f94118baeee2167e4a300
