cell_id,task_id,level,builder,rep,host,status,outcome,base_commit_sha
codex__gpt-6-luna__max__default__r70-2-elixir__r31,r70-2-elixir,none,max,31,kogen-bench-eu,VALID,FAIL,470ba65c1d3c19191a2190a032cd9ebf24e71975
codex__gpt-6-luna__max__default__r70-2-elixir__r32,r70-2-elixir,none,max,32,kogen-bench-eu,VALID,PASS,470ba65c1d3c19191a2190a032cd9ebf24e71975
codex__gpt-6-luna__max__default__r70-2-elixir__r33,r70-2-elixir,none,max,33,kogen-bench-eu,VALID,FAIL,470ba65c1d3c19191a2190a032cd9ebf24e71975
codex__gpt-6-luna__max__default__r70-2-elixir__r910,r70-2-elixir,none,max,910,kogen-bench-eu,VALID,PASS,470ba65c1d3c19191a2190a032cd9ebf24e71975
codex__gpt-6-luna__max__default__r70-2-go__r31,r70-2-go,none,max,31,kogen-bench-us,VALID,PASS,13a08875ea5e1fd0a3debc6f0b8c6b98a4b37a82
codex__gpt-6-luna__max__default__r70-2-go__r32,r70-2-go,none,max,32,kogen-bench-us,VALID,FAIL,13a08875ea5e1fd0a3debc6f0b8c6b98a4b37a82
codex__gpt-6-luna__max__default__r70-2-go__r33,r70-2-go,none,max,33,kogen-bench-us,VALID,PASS,13a08875ea5e1fd0a3debc6f0b8c6b98a4b37a82
codex__gpt-6-luna__max__default__r70-2-go__r911,r70-2-go,none,max,911,kogen-bench-eu,VALID,PASS,13a08875ea5e1fd0a3debc6f0b8c6b98a4b37a82
codex__gpt-6-luna__max__default__r70-4-elixir-fe2__r9,r70-4-elixir-fe2,none,max,9,kogen-bench-eu,VALID,FAIL,5ccd0bf1e816e2b2f5b2694861f8596402409f52
codex__gpt-6-luna__max__default__r70-4-elixir-fe2__r10,r70-4-elixir-fe2,none,max,10,kogen-bench-eu,VALID,FAIL,5ccd0bf1e816e2b2f5b2694861f8596402409f52
codex__gpt-6-luna__max__default__r70-4-elixir-fe2__r13,r70-4-elixir-fe2,none,max,13,kogen-bench-eu,VALID,FAIL,5ccd0bf1e816e2b2f5b2694861f8596402409f52
codex__gpt-6-luna__max__default__r70-4-elixir-fe2__r909,r70-4-elixir-fe2,none,max,909,kogen-bench-us,VALID,FAIL,a43dbb032d795157c5a93976947637502b30fece
codex__gpt-6-luna__max__default__r70-4-elixir-fe2__r910,r70-4-elixir-fe2,none,max,910,kogen-bench-us,VALID,FAIL,a43dbb032d795157c5a93976947637502b30fece
codex__gpt-6-luna__max__default__r70-4-go-fe2__r9,r70-4-go-fe2,none,max,9,kogen-bench-us,VALID,PASS,21d21a2f420a387c921f998e5b4d16efc8f80904
codex__gpt-6-luna__max__default__r70-4-go-fe2__r10,r70-4-go-fe2,none,max,10,kogen-bench-us,VALID,PASS,21d21a2f420a387c921f998e5b4d16efc8f80904
codex__gpt-6-luna__max__default__r70-4-go-fe2__r13,r70-4-go-fe2,none,max,13,kogen-bench-us,VALID,PASS,21d21a2f420a387c921f998e5b4d16efc8f80904
codex__gpt-6-luna__max__default__r70-4-go-fe2__r820,r70-4-go-fe2,none,max,820,kogen-bench-us,VALID,FAIL,748ebe3a3bc03a112dab83e785159654e0709f9e
codex__gpt-6-luna__max__default__r70-4-go-fe2__r823,r70-4-go-fe2,none,max,823,kogen-bench-us,VALID,PASS,748ebe3a3bc03a112dab83e785159654e0709f9e
codex__gpt-6-luna__max__default__r70-4-go-fe2__r919,r70-4-go-fe2,none,max,919,kogen-bench-us,VALID,PASS,748ebe3a3bc03a112dab83e785159654e0709f9e
codex__gpt-6-luna__max__default__r70-4-ts-bun-fe2__r9,r70-4-ts-bun-fe2,none,max,9,kogen-bench-us,VALID,FAIL,cc3a831a167020538c4ca2ad90185606a2e4ad6a
codex__gpt-6-luna__max__default__r70-4-ts-bun-fe2__r10,r70-4-ts-bun-fe2,none,max,10,kogen-bench-us,VALID,PASS,cc3a831a167020538c4ca2ad90185606a2e4ad6a
codex__gpt-6-luna__max__default__r70-4-ts-bun-fe2__r13,r70-4-ts-bun-fe2,none,max,13,kogen-bench-us,VALID,PASS,cc3a831a167020538c4ca2ad90185606a2e4ad6a
codex__gpt-6-luna__max__default__r70-4-ts-bun-fe2__r819,r70-4-ts-bun-fe2,none,max,819,kogen-bench-us,VALID,FAIL,880afb00474fe33e9cf38a6d70016ddcd4e38e81
codex__gpt-6-luna__max__default__r70-4-ts-bun-fe2__r920,r70-4-ts-bun-fe2,none,max,920,kogen-bench-us,VALID,PASS,880afb00474fe33e9cf38a6d70016ddcd4e38e81
codex__gpt-6-luna__max__default__r70-4-ts-bun-fe2__r923,r70-4-ts-bun-fe2,none,max,923,kogen-bench-us,VALID,PASS,880afb00474fe33e9cf38a6d70016ddcd4e38e81
codex__gpt-6-luna__max__default__r70-7-rust__r1,r70-7-rust,none,max,1,kogen-bench-eu,VALID,PASS,111a0c776ae6d93f6e7fccd3fc694d5f4fa26838
codex__gpt-6-luna__max__default__r70-7-rust__r2,r70-7-rust,none,max,2,kogen-bench-us,VALID,PASS,111a0c776ae6d93f6e7fccd3fc694d5f4fa26838
codex__gpt-6-luna__max__default__r70-7-rust__r3,r70-7-rust,none,max,3,kogen-bench-us,VALID,PASS,111a0c776ae6d93f6e7fccd3fc694d5f4fa26838
codex__gpt-6-luna__max__default__r70-7-rust__r31,r70-7-rust,none,max,31,kogen-bench-eu,VALID,FAIL,111a0c776ae6d93f6e7fccd3fc694d5f4fa26838
codex__gpt-6-luna__max__default__r70-7-rust__r32,r70-7-rust,none,max,32,kogen-bench-eu,VALID,PASS,111a0c776ae6d93f6e7fccd3fc694d5f4fa26838
codex__gpt-6-luna__max__default__r70-7-rust__r33,r70-7-rust,none,max,33,kogen-bench-eu,VALID,PASS,111a0c776ae6d93f6e7fccd3fc694d5f4fa26838
codex__gpt-6-luna__max__default__r70-7-rust__r905,r70-7-rust,none,max,905,kogen-bench-eu,VALID,PASS,111a0c776ae6d93f6e7fccd3fc694d5f4fa26838
