cohort,cell_id,task_id,variant_id,level,builder,rep,stage,status,host,model,cli_version,runner_python,runner_fingerprint_sha256,wrapper_sha256,base_commit_sha,plan_sha256,outcome,uncached_input_tokens,cached_input_tokens,output_tokens,total_tokens,grade_worker_sha256,grade_route
l2,codex__gpt-6-luna__low__default__r70-2-elixir__r1,r70-2-elixir,r70-2-elixir,none,low,1,gate,VALID,kogen-bench-eu,gpt-6-luna,codex-cli 0.160.0,3.14.7,3a6638ea3d6967f03770478039bf1f32e522ab393c32feb5df85d1b923e1ca19,08019d8aab7c15481f6d14126645eebd7b2c2c98025f94118baeee2167e4a300,470ba65c1d3c19191a2190a032cd9ebf24e71975,,FAIL,31788,231168,4187,267143,73dc09afe4d8d5a90ef6222bfa815e93217131ab8dd8afe7d9f5f31cc417a6e7,r70-macbook-window-v1
l2,codex__gpt-6-luna__low__default__r70-2-elixir-l2approach__r1,r70-2-elixir-l2approach,r70-2-elixir-l2approach,approach,low,1,gate,VALID,kogen-bench-eu,gpt-6-luna,codex-cli 0.160.0,3.14.7,3a6638ea3d6967f03770478039bf1f32e522ab393c32feb5df85d1b923e1ca19,08019d8aab7c15481f6d14126645eebd7b2c2c98025f94118baeee2167e4a300,0c6f95804e901912ba40c256105c49650dade6bd,4986e20ea03a06466030cd3e40a613a34f6fd7f541d4fb92e103439ea2505f2f,FAIL,20935,88064,1858,110857,73dc09afe4d8d5a90ef6222bfa815e93217131ab8dd8afe7d9f5f31cc417a6e7,r70-macbook-window-v1
l2,codex__gpt-6-luna__low__default__r70-2-elixir-l2approach__r2,r70-2-elixir-l2approach,r70-2-elixir-l2approach,approach,low,2,bulk,VALID,kogen-bench-eu,gpt-6-luna,codex-cli 0.160.0,3.14.7,3a6638ea3d6967f03770478039bf1f32e522ab393c32feb5df85d1b923e1ca19,08019d8aab7c15481f6d14126645eebd7b2c2c98025f94118baeee2167e4a300,0c6f95804e901912ba40c256105c49650dade6bd,4986e20ea03a06466030cd3e40a613a34f6fd7f541d4fb92e103439ea2505f2f,FAIL,15882,233472,3849,253203,73dc09afe4d8d5a90ef6222bfa815e93217131ab8dd8afe7d9f5f31cc417a6e7,r70-macbook-window-v1
l2,codex__gpt-6-luna__max__default__r70-2-elixir-l2approach__r1,r70-2-elixir-l2approach,r70-2-elixir-l2approach,approach,max,1,gate,VALID,kogen-bench-eu,gpt-6-luna,codex-cli 0.160.0,3.14.7,3a6638ea3d6967f03770478039bf1f32e522ab393c32feb5df85d1b923e1ca19,08019d8aab7c15481f6d14126645eebd7b2c2c98025f94118baeee2167e4a300,0c6f95804e901912ba40c256105c49650dade6bd,4986e20ea03a06466030cd3e40a613a34f6fd7f541d4fb92e103439ea2505f2f,PASS,209777,9861120,84230,10155127,73dc09afe4d8d5a90ef6222bfa815e93217131ab8dd8afe7d9f5f31cc417a6e7,r70-macbook-window-v1
l2,codex__gpt-6-luna__max__default__r70-2-elixir-l2approach__r2,r70-2-elixir-l2approach,r70-2-elixir-l2approach,approach,max,2,bulk,VALID,kogen-bench-eu,gpt-6-luna,codex-cli 0.160.0,3.14.7,3a6638ea3d6967f03770478039bf1f32e522ab393c32feb5df85d1b923e1ca19,08019d8aab7c15481f6d14126645eebd7b2c2c98025f94118baeee2167e4a300,0c6f95804e901912ba40c256105c49650dade6bd,4986e20ea03a06466030cd3e40a613a34f6fd7f541d4fb92e103439ea2505f2f,PASS,317097,8334848,106857,8758802,73dc09afe4d8d5a90ef6222bfa815e93217131ab8dd8afe7d9f5f31cc417a6e7,r70-macbook-window-v1
l2,codex__gpt-6-luna__low__default__r70-2-elixir-l2criteria__r1,r70-2-elixir-l2criteria,r70-2-elixir-l2criteria,criteria,low,1,gate,VALID,kogen-bench-eu,gpt-6-luna,codex-cli 0.160.0,3.14.7,3a6638ea3d6967f03770478039bf1f32e522ab393c32feb5df85d1b923e1ca19,08019d8aab7c15481f6d14126645eebd7b2c2c98025f94118baeee2167e4a300,2c6ee03a749151a28aa0e908de4f1474017b411f,e3f054f0bf8335d286581ea716825cb540e31d6333a78935e759feab3ccd1e2d,FAIL,83829,1040896,7757,1132482,73dc09afe4d8d5a90ef6222bfa815e93217131ab8dd8afe7d9f5f31cc417a6e7,r70-macbook-window-v1
l2,codex__gpt-6-luna__low__default__r70-2-elixir-l2criteria__r2,r70-2-elixir-l2criteria,r70-2-elixir-l2criteria,criteria,low,2,bulk,VALID,kogen-bench-eu,gpt-6-luna,codex-cli 0.160.0,3.14.7,3a6638ea3d6967f03770478039bf1f32e522ab393c32feb5df85d1b923e1ca19,08019d8aab7c15481f6d14126645eebd7b2c2c98025f94118baeee2167e4a300,2c6ee03a749151a28aa0e908de4f1474017b411f,e3f054f0bf8335d286581ea716825cb540e31d6333a78935e759feab3ccd1e2d,FAIL,97041,1399552,13443,1510036,73dc09afe4d8d5a90ef6222bfa815e93217131ab8dd8afe7d9f5f31cc417a6e7,r70-macbook-window-v1
l2,codex__gpt-6-luna__max__default__r70-2-elixir-l2criteria__r1,r70-2-elixir-l2criteria,r70-2-elixir-l2criteria,criteria,max,1,gate,VALID,kogen-bench-eu,gpt-6-luna,codex-cli 0.160.0,3.14.7,3a6638ea3d6967f03770478039bf1f32e522ab393c32feb5df85d1b923e1ca19,08019d8aab7c15481f6d14126645eebd7b2c2c98025f94118baeee2167e4a300,2c6ee03a749151a28aa0e908de4f1474017b411f,e3f054f0bf8335d286581ea716825cb540e31d6333a78935e759feab3ccd1e2d,PASS,177269,7560704,75061,7813034,73dc09afe4d8d5a90ef6222bfa815e93217131ab8dd8afe7d9f5f31cc417a6e7,r70-macbook-window-v1
l2,codex__gpt-6-luna__max__default__r70-2-elixir-l2criteria__r2,r70-2-elixir-l2criteria,r70-2-elixir-l2criteria,criteria,max,2,bulk,VALID,kogen-bench-eu,gpt-6-luna,codex-cli 0.160.0,3.14.7,3a6638ea3d6967f03770478039bf1f32e522ab393c32feb5df85d1b923e1ca19,08019d8aab7c15481f6d14126645eebd7b2c2c98025f94118baeee2167e4a300,2c6ee03a749151a28aa0e908de4f1474017b411f,e3f054f0bf8335d286581ea716825cb540e31d6333a78935e759feab3ccd1e2d,PASS,312914,18456064,123669,18892647,73dc09afe4d8d5a90ef6222bfa815e93217131ab8dd8afe7d9f5f31cc417a6e7,r70-macbook-window-v1
l2,codex__gpt-6-luna__low__default__r70-2-elixir-l2steps__r1,r70-2-elixir-l2steps,r70-2-elixir-l2steps,steps,low,1,gate,VALID,kogen-bench-eu,gpt-6-luna,codex-cli 0.160.0,3.14.7,3a6638ea3d6967f03770478039bf1f32e522ab393c32feb5df85d1b923e1ca19,08019d8aab7c15481f6d14126645eebd7b2c2c98025f94118baeee2167e4a300,0cabbafd45cf324219747a2fa97968ae262ab8b2,75b11ce37398535be44d17272c0dbcf55fa7791f93863f4f7bd603df82250a46,PASS,57881,576512,8200,642593,73dc09afe4d8d5a90ef6222bfa815e93217131ab8dd8afe7d9f5f31cc417a6e7,r70-macbook-window-v1
l2,codex__gpt-6-luna__low__default__r70-2-elixir-l2steps__r2,r70-2-elixir-l2steps,r70-2-elixir-l2steps,steps,low,2,bulk,VALID,kogen-bench-eu,gpt-6-luna,codex-cli 0.160.0,3.14.7,3a6638ea3d6967f03770478039bf1f32e522ab393c32feb5df85d1b923e1ca19,08019d8aab7c15481f6d14126645eebd7b2c2c98025f94118baeee2167e4a300,0cabbafd45cf324219747a2fa97968ae262ab8b2,75b11ce37398535be44d17272c0dbcf55fa7791f93863f4f7bd603df82250a46,PASS,64917,714752,15237,794906,73dc09afe4d8d5a90ef6222bfa815e93217131ab8dd8afe7d9f5f31cc417a6e7,r70-macbook-window-v1
l2,codex__gpt-6-luna__max__default__r70-2-elixir-l2steps__r1,r70-2-elixir-l2steps,r70-2-elixir-l2steps,steps,max,1,gate,VALID,kogen-bench-eu,gpt-6-luna,codex-cli 0.160.0,3.14.7,3a6638ea3d6967f03770478039bf1f32e522ab393c32feb5df85d1b923e1ca19,08019d8aab7c15481f6d14126645eebd7b2c2c98025f94118baeee2167e4a300,0cabbafd45cf324219747a2fa97968ae262ab8b2,75b11ce37398535be44d17272c0dbcf55fa7791f93863f4f7bd603df82250a46,FAIL,260423,8961792,113232,9335447,73dc09afe4d8d5a90ef6222bfa815e93217131ab8dd8afe7d9f5f31cc417a6e7,r70-macbook-window-v1
l2,codex__gpt-6-luna__max__default__r70-2-elixir-l2steps__r2,r70-2-elixir-l2steps,r70-2-elixir-l2steps,steps,max,2,bulk,VALID,kogen-bench-eu,gpt-6-luna,codex-cli 0.160.0,3.14.7,3a6638ea3d6967f03770478039bf1f32e522ab393c32feb5df85d1b923e1ca19,08019d8aab7c15481f6d14126645eebd7b2c2c98025f94118baeee2167e4a300,0cabbafd45cf324219747a2fa97968ae262ab8b2,75b11ce37398535be44d17272c0dbcf55fa7791f93863f4f7bd603df82250a46,FAIL,194177,9452288,78703,9725168,73dc09afe4d8d5a90ef6222bfa815e93217131ab8dd8afe7d9f5f31cc417a6e7,r70-macbook-window-v1
l2,codex__gpt-6-luna__low__default__r70-2-go__r1,r70-2-go,r70-2-go,none,low,1,gate,VALID,kogen-bench-us,gpt-6-luna,codex-cli 0.160.0,3.14.7,3a6638ea3d6967f03770478039bf1f32e522ab393c32feb5df85d1b923e1ca19,08019d8aab7c15481f6d14126645eebd7b2c2c98025f94118baeee2167e4a300,13a08875ea5e1fd0a3debc6f0b8c6b98a4b37a82,,FAIL,15864,153600,3204,172668,73dc09afe4d8d5a90ef6222bfa815e93217131ab8dd8afe7d9f5f31cc417a6e7,r70-macbook-window-v1
l2,codex__gpt-6-luna__low__default__r70-2-go-l2approach__r1,r70-2-go-l2approach,r70-2-go-l2approach,approach,low,1,gate,VALID,kogen-bench-us,gpt-6-luna,codex-cli 0.160.0,3.14.7,3a6638ea3d6967f03770478039bf1f32e522ab393c32feb5df85d1b923e1ca19,08019d8aab7c15481f6d14126645eebd7b2c2c98025f94118baeee2167e4a300,1db582020ff97c48c854feee9b4588161323cef4,707ff42bb366fad3e83a1c9ba929f7ad15613195e06c078c6678c05e81affcd6,FAIL,16611,142592,2700,161903,73dc09afe4d8d5a90ef6222bfa815e93217131ab8dd8afe7d9f5f31cc417a6e7,r70-macbook-window-v1
l2,codex__gpt-6-luna__low__default__r70-2-go-l2approach__r2,r70-2-go-l2approach,r70-2-go-l2approach,approach,low,2,bulk,VALID,kogen-bench-us,gpt-6-luna,codex-cli 0.160.0,3.14.7,3a6638ea3d6967f03770478039bf1f32e522ab393c32feb5df85d1b923e1ca19,08019d8aab7c15481f6d14126645eebd7b2c2c98025f94118baeee2167e4a300,1db582020ff97c48c854feee9b4588161323cef4,707ff42bb366fad3e83a1c9ba929f7ad15613195e06c078c6678c05e81affcd6,FAIL,19744,224256,3866,247866,73dc09afe4d8d5a90ef6222bfa815e93217131ab8dd8afe7d9f5f31cc417a6e7,r70-macbook-window-v1
l2,codex__gpt-6-luna__max__default__r70-2-go-l2approach__r1,r70-2-go-l2approach,r70-2-go-l2approach,approach,max,1,gate,VALID,kogen-bench-us,gpt-6-luna,codex-cli 0.160.0,3.14.7,3a6638ea3d6967f03770478039bf1f32e522ab393c32feb5df85d1b923e1ca19,08019d8aab7c15481f6d14126645eebd7b2c2c98025f94118baeee2167e4a300,1db582020ff97c48c854feee9b4588161323cef4,707ff42bb366fad3e83a1c9ba929f7ad15613195e06c078c6678c05e81affcd6,PASS,66021,916480,35961,1018462,73dc09afe4d8d5a90ef6222bfa815e93217131ab8dd8afe7d9f5f31cc417a6e7,r70-macbook-window-v1
l2,codex__gpt-6-luna__max__default__r70-2-go-l2approach__r2,r70-2-go-l2approach,r70-2-go-l2approach,approach,max,2,bulk,VALID,kogen-bench-us,gpt-6-luna,codex-cli 0.160.0,3.14.7,3a6638ea3d6967f03770478039bf1f32e522ab393c32feb5df85d1b923e1ca19,08019d8aab7c15481f6d14126645eebd7b2c2c98025f94118baeee2167e4a300,1db582020ff97c48c854feee9b4588161323cef4,707ff42bb366fad3e83a1c9ba929f7ad15613195e06c078c6678c05e81affcd6,FAIL,47881,578304,31512,657697,73dc09afe4d8d5a90ef6222bfa815e93217131ab8dd8afe7d9f5f31cc417a6e7,r70-macbook-window-v1
l2,codex__gpt-6-luna__low__default__r70-2-go-l2criteria__r1,r70-2-go-l2criteria,r70-2-go-l2criteria,criteria,low,1,gate,VALID,kogen-bench-us,gpt-6-luna,codex-cli 0.160.0,3.14.7,3a6638ea3d6967f03770478039bf1f32e522ab393c32feb5df85d1b923e1ca19,08019d8aab7c15481f6d14126645eebd7b2c2c98025f94118baeee2167e4a300,48672b705c40c6232023a63a697f44e12fd7a7d0,92799bbf4b92d915b52b4b3b787dab9bb659380eb196998c41955887fd19e511,FAIL,14676,83200,2430,100306,73dc09afe4d8d5a90ef6222bfa815e93217131ab8dd8afe7d9f5f31cc417a6e7,r70-macbook-window-v1
l2,codex__gpt-6-luna__low__default__r70-2-go-l2criteria__r2,r70-2-go-l2criteria,r70-2-go-l2criteria,criteria,low,2,bulk,VALID,kogen-bench-us,gpt-6-luna,codex-cli 0.160.0,3.14.7,3a6638ea3d6967f03770478039bf1f32e522ab393c32feb5df85d1b923e1ca19,08019d8aab7c15481f6d14126645eebd7b2c2c98025f94118baeee2167e4a300,48672b705c40c6232023a63a697f44e12fd7a7d0,92799bbf4b92d915b52b4b3b787dab9bb659380eb196998c41955887fd19e511,FAIL,20598,105216,2620,128434,73dc09afe4d8d5a90ef6222bfa815e93217131ab8dd8afe7d9f5f31cc417a6e7,r70-macbook-window-v1
l2,codex__gpt-6-luna__max__default__r70-2-go-l2criteria__r1,r70-2-go-l2criteria,r70-2-go-l2criteria,criteria,max,1,gate,VALID,kogen-bench-us,gpt-6-luna,codex-cli 0.160.0,3.14.7,3a6638ea3d6967f03770478039bf1f32e522ab393c32feb5df85d1b923e1ca19,08019d8aab7c15481f6d14126645eebd7b2c2c98025f94118baeee2167e4a300,48672b705c40c6232023a63a697f44e12fd7a7d0,92799bbf4b92d915b52b4b3b787dab9bb659380eb196998c41955887fd19e511,FAIL,47033,777216,29716,853965,73dc09afe4d8d5a90ef6222bfa815e93217131ab8dd8afe7d9f5f31cc417a6e7,r70-macbook-window-v1
l2,codex__gpt-6-luna__max__default__r70-2-go-l2criteria__r2,r70-2-go-l2criteria,r70-2-go-l2criteria,criteria,max,2,bulk,VALID,kogen-bench-us,gpt-6-luna,codex-cli 0.160.0,3.14.7,3a6638ea3d6967f03770478039bf1f32e522ab393c32feb5df85d1b923e1ca19,08019d8aab7c15481f6d14126645eebd7b2c2c98025f94118baeee2167e4a300,48672b705c40c6232023a63a697f44e12fd7a7d0,92799bbf4b92d915b52b4b3b787dab9bb659380eb196998c41955887fd19e511,PASS,52090,684032,27313,763435,73dc09afe4d8d5a90ef6222bfa815e93217131ab8dd8afe7d9f5f31cc417a6e7,r70-macbook-window-v1
l2,codex__gpt-6-luna__low__default__r70-2-go-l2steps__r1,r70-2-go-l2steps,r70-2-go-l2steps,steps,low,1,gate,VALID,kogen-bench-us,gpt-6-luna,codex-cli 0.160.0,3.14.7,3a6638ea3d6967f03770478039bf1f32e522ab393c32feb5df85d1b923e1ca19,08019d8aab7c15481f6d14126645eebd7b2c2c98025f94118baeee2167e4a300,d08c7c9d38b87416c47fb648f472d7524d1ff9d0,9f7dfe458cf2d0e7ce83747a8a1f6bd657f23b467c5173ef5e4c656448ebdf87,PASS,45413,204800,4095,254308,73dc09afe4d8d5a90ef6222bfa815e93217131ab8dd8afe7d9f5f31cc417a6e7,r70-macbook-window-v1
l2,codex__gpt-6-luna__low__default__r70-2-go-l2steps__r2,r70-2-go-l2steps,r70-2-go-l2steps,steps,low,2,bulk,VALID,kogen-bench-us,gpt-6-luna,codex-cli 0.160.0,3.14.7,3a6638ea3d6967f03770478039bf1f32e522ab393c32feb5df85d1b923e1ca19,08019d8aab7c15481f6d14126645eebd7b2c2c98025f94118baeee2167e4a300,d08c7c9d38b87416c47fb648f472d7524d1ff9d0,9f7dfe458cf2d0e7ce83747a8a1f6bd657f23b467c5173ef5e4c656448ebdf87,FAIL,17136,147712,4358,169206,73dc09afe4d8d5a90ef6222bfa815e93217131ab8dd8afe7d9f5f31cc417a6e7,r70-macbook-window-v1
l2,codex__gpt-6-luna__max__default__r70-2-go-l2steps__r1,r70-2-go-l2steps,r70-2-go-l2steps,steps,max,1,gate,VALID,kogen-bench-us,gpt-6-luna,codex-cli 0.160.0,3.14.7,3a6638ea3d6967f03770478039bf1f32e522ab393c32feb5df85d1b923e1ca19,08019d8aab7c15481f6d14126645eebd7b2c2c98025f94118baeee2167e4a300,d08c7c9d38b87416c47fb648f472d7524d1ff9d0,9f7dfe458cf2d0e7ce83747a8a1f6bd657f23b467c5173ef5e4c656448ebdf87,FAIL,52186,292352,21989,366527,73dc09afe4d8d5a90ef6222bfa815e93217131ab8dd8afe7d9f5f31cc417a6e7,r70-macbook-window-v1
l2,codex__gpt-6-luna__max__default__r70-2-go-l2steps__r2,r70-2-go-l2steps,r70-2-go-l2steps,steps,max,2,bulk,VALID,kogen-bench-us,gpt-6-luna,codex-cli 0.160.0,3.14.7,3a6638ea3d6967f03770478039bf1f32e522ab393c32feb5df85d1b923e1ca19,08019d8aab7c15481f6d14126645eebd7b2c2c98025f94118baeee2167e4a300,d08c7c9d38b87416c47fb648f472d7524d1ff9d0,9f7dfe458cf2d0e7ce83747a8a1f6bd657f23b467c5173ef5e4c656448ebdf87,PASS,65768,644096,28362,738226,73dc09afe4d8d5a90ef6222bfa815e93217131ab8dd8afe7d9f5f31cc417a6e7,r70-macbook-window-v1
l2,codex__gpt-6-luna__low__default__r70-4-elixir-fe2__r1,r70-4-elixir-fe2,r70-4-elixir-fe2,none,low,1,gate,VALID,kogen-bench-eu,gpt-6-luna,codex-cli 0.160.0,3.14.7,3a6638ea3d6967f03770478039bf1f32e522ab393c32feb5df85d1b923e1ca19,08019d8aab7c15481f6d14126645eebd7b2c2c98025f94118baeee2167e4a300,5ccd0bf1e816e2b2f5b2694861f8596402409f52,,FAIL,25119,185856,3184,214159,73dc09afe4d8d5a90ef6222bfa815e93217131ab8dd8afe7d9f5f31cc417a6e7,r70-macbook-window-v1
l2,codex__gpt-6-luna__low__default__r70-4-elixir-fe2-l2approach__r1,r70-4-elixir-fe2-l2approach,r70-4-elixir-fe2-l2approach,approach,low,1,gate,VALID,kogen-bench-eu,gpt-6-luna,codex-cli 0.160.0,3.14.7,3a6638ea3d6967f03770478039bf1f32e522ab393c32feb5df85d1b923e1ca19,08019d8aab7c15481f6d14126645eebd7b2c2c98025f94118baeee2167e4a300,f9a5948042d525d20729f9346770ca185bcecb9d,c8963e6d6421b153ce56a9c1389ab1af5fb0c434413d14505dda63c143fc207d,FAIL,32734,432640,4628,470002,73dc09afe4d8d5a90ef6222bfa815e93217131ab8dd8afe7d9f5f31cc417a6e7,r70-macbook-window-v1
l2,codex__gpt-6-luna__low__default__r70-4-elixir-fe2-l2approach__r2,r70-4-elixir-fe2-l2approach,r70-4-elixir-fe2-l2approach,approach,low,2,bulk,VALID,kogen-bench-eu,gpt-6-luna,codex-cli 0.160.0,3.14.7,3a6638ea3d6967f03770478039bf1f32e522ab393c32feb5df85d1b923e1ca19,08019d8aab7c15481f6d14126645eebd7b2c2c98025f94118baeee2167e4a300,f9a5948042d525d20729f9346770ca185bcecb9d,c8963e6d6421b153ce56a9c1389ab1af5fb0c434413d14505dda63c143fc207d,FAIL,18192,229632,3824,251648,73dc09afe4d8d5a90ef6222bfa815e93217131ab8dd8afe7d9f5f31cc417a6e7,r70-macbook-window-v1
l2,codex__gpt-6-luna__max__default__r70-4-elixir-fe2-l2approach__r1,r70-4-elixir-fe2-l2approach,r70-4-elixir-fe2-l2approach,approach,max,1,gate,VALID,kogen-bench-eu,gpt-6-luna,codex-cli 0.160.0,3.14.7,3a6638ea3d6967f03770478039bf1f32e522ab393c32feb5df85d1b923e1ca19,08019d8aab7c15481f6d14126645eebd7b2c2c98025f94118baeee2167e4a300,f9a5948042d525d20729f9346770ca185bcecb9d,c8963e6d6421b153ce56a9c1389ab1af5fb0c434413d14505dda63c143fc207d,FAIL,107325,1471744,35803,1614872,73dc09afe4d8d5a90ef6222bfa815e93217131ab8dd8afe7d9f5f31cc417a6e7,r70-macbook-window-v1
l2,codex__gpt-6-luna__max__default__r70-4-elixir-fe2-l2approach__r2,r70-4-elixir-fe2-l2approach,r70-4-elixir-fe2-l2approach,approach,max,2,bulk,VALID,kogen-bench-eu,gpt-6-luna,codex-cli 0.160.0,3.14.7,3a6638ea3d6967f03770478039bf1f32e522ab393c32feb5df85d1b923e1ca19,08019d8aab7c15481f6d14126645eebd7b2c2c98025f94118baeee2167e4a300,f9a5948042d525d20729f9346770ca185bcecb9d,c8963e6d6421b153ce56a9c1389ab1af5fb0c434413d14505dda63c143fc207d,FAIL,71983,592896,19273,684152,73dc09afe4d8d5a90ef6222bfa815e93217131ab8dd8afe7d9f5f31cc417a6e7,r70-macbook-window-v1
l2,codex__gpt-6-luna__low__default__r70-4-elixir-fe2-l2criteria__r1,r70-4-elixir-fe2-l2criteria,r70-4-elixir-fe2-l2criteria,criteria,low,1,gate,VALID,kogen-bench-eu,gpt-6-luna,codex-cli 0.160.0,3.14.7,3a6638ea3d6967f03770478039bf1f32e522ab393c32feb5df85d1b923e1ca19,08019d8aab7c15481f6d14126645eebd7b2c2c98025f94118baeee2167e4a300,634d71701ded3a7e4f698650e5bb9fea71fce589,950ac4033b51b7cdffc9b7f4cf1e161d984acf84c83cc7f3949a43b773be6497,FAIL,57723,331264,5585,394572,73dc09afe4d8d5a90ef6222bfa815e93217131ab8dd8afe7d9f5f31cc417a6e7,r70-macbook-window-v1
l2,codex__gpt-6-luna__low__default__r70-4-elixir-fe2-l2criteria__r2,r70-4-elixir-fe2-l2criteria,r70-4-elixir-fe2-l2criteria,criteria,low,2,bulk,VALID,kogen-bench-eu,gpt-6-luna,codex-cli 0.160.0,3.14.7,3a6638ea3d6967f03770478039bf1f32e522ab393c32feb5df85d1b923e1ca19,08019d8aab7c15481f6d14126645eebd7b2c2c98025f94118baeee2167e4a300,634d71701ded3a7e4f698650e5bb9fea71fce589,950ac4033b51b7cdffc9b7f4cf1e161d984acf84c83cc7f3949a43b773be6497,FAIL,31917,281088,3612,316617,0e6f8aa06dce3b42813e326a85c2248115bf95bc127449f8fb99e3929bec0843,r70-macbook-window-v1
l2,codex__gpt-6-luna__max__default__r70-4-elixir-fe2-l2criteria__r1,r70-4-elixir-fe2-l2criteria,r70-4-elixir-fe2-l2criteria,criteria,max,1,gate,VALID,kogen-bench-eu,gpt-6-luna,codex-cli 0.160.0,3.14.7,3a6638ea3d6967f03770478039bf1f32e522ab393c32feb5df85d1b923e1ca19,08019d8aab7c15481f6d14126645eebd7b2c2c98025f94118baeee2167e4a300,634d71701ded3a7e4f698650e5bb9fea71fce589,950ac4033b51b7cdffc9b7f4cf1e161d984acf84c83cc7f3949a43b773be6497,FAIL,48351,548864,24040,621255,73dc09afe4d8d5a90ef6222bfa815e93217131ab8dd8afe7d9f5f31cc417a6e7,r70-macbook-window-v1
l2,codex__gpt-6-luna__max__default__r70-4-elixir-fe2-l2criteria__r2,r70-4-elixir-fe2-l2criteria,r70-4-elixir-fe2-l2criteria,criteria,max,2,bulk,VALID,kogen-bench-eu,gpt-6-luna,codex-cli 0.160.0,3.14.7,3a6638ea3d6967f03770478039bf1f32e522ab393c32feb5df85d1b923e1ca19,08019d8aab7c15481f6d14126645eebd7b2c2c98025f94118baeee2167e4a300,634d71701ded3a7e4f698650e5bb9fea71fce589,950ac4033b51b7cdffc9b7f4cf1e161d984acf84c83cc7f3949a43b773be6497,FAIL,58537,911360,28170,998067,73dc09afe4d8d5a90ef6222bfa815e93217131ab8dd8afe7d9f5f31cc417a6e7,r70-macbook-window-v1
l2,codex__gpt-6-luna__low__default__r70-4-elixir-fe2-l2steps__r1,r70-4-elixir-fe2-l2steps,r70-4-elixir-fe2-l2steps,steps,low,1,gate,VALID,kogen-bench-eu,gpt-6-luna,codex-cli 0.160.0,3.14.7,3a6638ea3d6967f03770478039bf1f32e522ab393c32feb5df85d1b923e1ca19,08019d8aab7c15481f6d14126645eebd7b2c2c98025f94118baeee2167e4a300,3d1e48fab23a0e2b01fa5051cc1c31a2f8611052,2515e7b8cec8a619dd955401c2b74a9aa9ed3c68a0b450aa1068b43f4f83eadc,FAIL,25233,159744,2769,187746,73dc09afe4d8d5a90ef6222bfa815e93217131ab8dd8afe7d9f5f31cc417a6e7,r70-macbook-window-v1
l2,codex__gpt-6-luna__low__default__r70-4-elixir-fe2-l2steps__r2,r70-4-elixir-fe2-l2steps,r70-4-elixir-fe2-l2steps,steps,low,2,bulk,VALID,kogen-bench-eu,gpt-6-luna,codex-cli 0.160.0,3.14.7,3a6638ea3d6967f03770478039bf1f32e522ab393c32feb5df85d1b923e1ca19,08019d8aab7c15481f6d14126645eebd7b2c2c98025f94118baeee2167e4a300,3d1e48fab23a0e2b01fa5051cc1c31a2f8611052,2515e7b8cec8a619dd955401c2b74a9aa9ed3c68a0b450aa1068b43f4f83eadc,FAIL,117662,1199872,13422,1330956,0e6f8aa06dce3b42813e326a85c2248115bf95bc127449f8fb99e3929bec0843,r70-macbook-window-v1
l2,codex__gpt-6-luna__max__default__r70-4-elixir-fe2-l2steps__r1,r70-4-elixir-fe2-l2steps,r70-4-elixir-fe2-l2steps,steps,max,1,gate,VALID,kogen-bench-eu,gpt-6-luna,codex-cli 0.160.0,3.14.7,3a6638ea3d6967f03770478039bf1f32e522ab393c32feb5df85d1b923e1ca19,08019d8aab7c15481f6d14126645eebd7b2c2c98025f94118baeee2167e4a300,3d1e48fab23a0e2b01fa5051cc1c31a2f8611052,2515e7b8cec8a619dd955401c2b74a9aa9ed3c68a0b450aa1068b43f4f83eadc,FAIL,60230,881408,27388,969026,73dc09afe4d8d5a90ef6222bfa815e93217131ab8dd8afe7d9f5f31cc417a6e7,r70-macbook-window-v1
l2,codex__gpt-6-luna__max__default__r70-4-elixir-fe2-l2steps__r2,r70-4-elixir-fe2-l2steps,r70-4-elixir-fe2-l2steps,steps,max,2,bulk,VALID,kogen-bench-eu,gpt-6-luna,codex-cli 0.160.0,3.14.7,3a6638ea3d6967f03770478039bf1f32e522ab393c32feb5df85d1b923e1ca19,08019d8aab7c15481f6d14126645eebd7b2c2c98025f94118baeee2167e4a300,3d1e48fab23a0e2b01fa5051cc1c31a2f8611052,2515e7b8cec8a619dd955401c2b74a9aa9ed3c68a0b450aa1068b43f4f83eadc,FAIL,59480,869120,26787,955387,73dc09afe4d8d5a90ef6222bfa815e93217131ab8dd8afe7d9f5f31cc417a6e7,r70-macbook-window-v1
l2,codex__gpt-6-luna__low__default__r70-4-go-fe2__r1,r70-4-go-fe2,r70-4-go-fe2,none,low,1,gate,VALID,kogen-bench-us,gpt-6-luna,codex-cli 0.160.0,3.14.7,3a6638ea3d6967f03770478039bf1f32e522ab393c32feb5df85d1b923e1ca19,08019d8aab7c15481f6d14126645eebd7b2c2c98025f94118baeee2167e4a300,21d21a2f420a387c921f998e5b4d16efc8f80904,,FAIL,16741,106240,2315,125296,73dc09afe4d8d5a90ef6222bfa815e93217131ab8dd8afe7d9f5f31cc417a6e7,r70-macbook-window-v1
l2,codex__gpt-6-luna__low__default__r70-4-go-fe2-l2approach__r1,r70-4-go-fe2-l2approach,r70-4-go-fe2-l2approach,approach,low,1,gate,VALID,kogen-bench-us,gpt-6-luna,codex-cli 0.160.0,3.14.7,3a6638ea3d6967f03770478039bf1f32e522ab393c32feb5df85d1b923e1ca19,08019d8aab7c15481f6d14126645eebd7b2c2c98025f94118baeee2167e4a300,9c2f20f38404d4cc5906268c5b68357e11902c97,dd12e95f67c0388c51a1626bc0d46f1850face51b0209a279624a0baf0013cb5,PASS,15838,177920,4281,198039,73dc09afe4d8d5a90ef6222bfa815e93217131ab8dd8afe7d9f5f31cc417a6e7,r70-macbook-window-v1
l2,codex__gpt-6-luna__low__default__r70-4-go-fe2-l2approach__r2,r70-4-go-fe2-l2approach,r70-4-go-fe2-l2approach,approach,low,2,bulk,VALID,kogen-bench-us,gpt-6-luna,codex-cli 0.160.0,3.14.7,3a6638ea3d6967f03770478039bf1f32e522ab393c32feb5df85d1b923e1ca19,08019d8aab7c15481f6d14126645eebd7b2c2c98025f94118baeee2167e4a300,9c2f20f38404d4cc5906268c5b68357e11902c97,dd12e95f67c0388c51a1626bc0d46f1850face51b0209a279624a0baf0013cb5,FAIL,14730,140544,2722,157996,73dc09afe4d8d5a90ef6222bfa815e93217131ab8dd8afe7d9f5f31cc417a6e7,r70-macbook-window-v1
l2,codex__gpt-6-luna__max__default__r70-4-go-fe2-l2approach__r1,r70-4-go-fe2-l2approach,r70-4-go-fe2-l2approach,approach,max,1,gate,VALID,kogen-bench-us,gpt-6-luna,codex-cli 0.160.0,3.14.7,3a6638ea3d6967f03770478039bf1f32e522ab393c32feb5df85d1b923e1ca19,08019d8aab7c15481f6d14126645eebd7b2c2c98025f94118baeee2167e4a300,9c2f20f38404d4cc5906268c5b68357e11902c97,dd12e95f67c0388c51a1626bc0d46f1850face51b0209a279624a0baf0013cb5,PASS,59420,863488,25418,948326,73dc09afe4d8d5a90ef6222bfa815e93217131ab8dd8afe7d9f5f31cc417a6e7,r70-macbook-window-v1
l2,codex__gpt-6-luna__max__default__r70-4-go-fe2-l2approach__r2,r70-4-go-fe2-l2approach,r70-4-go-fe2-l2approach,approach,max,2,bulk,VALID,kogen-bench-us,gpt-6-luna,codex-cli 0.160.0,3.14.7,3a6638ea3d6967f03770478039bf1f32e522ab393c32feb5df85d1b923e1ca19,08019d8aab7c15481f6d14126645eebd7b2c2c98025f94118baeee2167e4a300,9c2f20f38404d4cc5906268c5b68357e11902c97,dd12e95f67c0388c51a1626bc0d46f1850face51b0209a279624a0baf0013cb5,PASS,36397,399616,20173,456186,73dc09afe4d8d5a90ef6222bfa815e93217131ab8dd8afe7d9f5f31cc417a6e7,r70-macbook-window-v1
l2,codex__gpt-6-luna__low__default__r70-4-go-fe2-l2criteria__r1,r70-4-go-fe2-l2criteria,r70-4-go-fe2-l2criteria,criteria,low,1,gate,VALID,kogen-bench-us,gpt-6-luna,codex-cli 0.160.0,3.14.7,3a6638ea3d6967f03770478039bf1f32e522ab393c32feb5df85d1b923e1ca19,08019d8aab7c15481f6d14126645eebd7b2c2c98025f94118baeee2167e4a300,1524f0aeb36233c80dd86e635a550dc2b8762995,90f4b65162e54d422cb26bd5c2890eb13224d92d60678e5ff95f11c75e6d1d80,FAIL,4732,33024,216,37972,73dc09afe4d8d5a90ef6222bfa815e93217131ab8dd8afe7d9f5f31cc417a6e7,r70-macbook-window-v1
l2,codex__gpt-6-luna__low__default__r70-4-go-fe2-l2criteria__r2,r70-4-go-fe2-l2criteria,r70-4-go-fe2-l2criteria,criteria,low,2,bulk,VALID,kogen-bench-us,gpt-6-luna,codex-cli 0.160.0,3.14.7,3a6638ea3d6967f03770478039bf1f32e522ab393c32feb5df85d1b923e1ca19,08019d8aab7c15481f6d14126645eebd7b2c2c98025f94118baeee2167e4a300,1524f0aeb36233c80dd86e635a550dc2b8762995,90f4b65162e54d422cb26bd5c2890eb13224d92d60678e5ff95f11c75e6d1d80,FAIL,21856,184832,2994,209682,73dc09afe4d8d5a90ef6222bfa815e93217131ab8dd8afe7d9f5f31cc417a6e7,r70-macbook-window-v1
l2,codex__gpt-6-luna__max__default__r70-4-go-fe2-l2criteria__r1,r70-4-go-fe2-l2criteria,r70-4-go-fe2-l2criteria,criteria,max,1,gate,VALID,kogen-bench-us,gpt-6-luna,codex-cli 0.160.0,3.14.7,3a6638ea3d6967f03770478039bf1f32e522ab393c32feb5df85d1b923e1ca19,08019d8aab7c15481f6d14126645eebd7b2c2c98025f94118baeee2167e4a300,1524f0aeb36233c80dd86e635a550dc2b8762995,90f4b65162e54d422cb26bd5c2890eb13224d92d60678e5ff95f11c75e6d1d80,FAIL,89064,1393664,41067,1523795,73dc09afe4d8d5a90ef6222bfa815e93217131ab8dd8afe7d9f5f31cc417a6e7,r70-macbook-window-v1
l2,codex__gpt-6-luna__max__default__r70-4-go-fe2-l2criteria__r2,r70-4-go-fe2-l2criteria,r70-4-go-fe2-l2criteria,criteria,max,2,bulk,VALID,kogen-bench-us,gpt-6-luna,codex-cli 0.160.0,3.14.7,3a6638ea3d6967f03770478039bf1f32e522ab393c32feb5df85d1b923e1ca19,08019d8aab7c15481f6d14126645eebd7b2c2c98025f94118baeee2167e4a300,1524f0aeb36233c80dd86e635a550dc2b8762995,90f4b65162e54d422cb26bd5c2890eb13224d92d60678e5ff95f11c75e6d1d80,PASS,47152,708096,26708,781956,73dc09afe4d8d5a90ef6222bfa815e93217131ab8dd8afe7d9f5f31cc417a6e7,r70-macbook-window-v1
l2,codex__gpt-6-luna__low__default__r70-4-go-fe2-l2steps__r1,r70-4-go-fe2-l2steps,r70-4-go-fe2-l2steps,steps,low,1,gate,VALID,kogen-bench-us,gpt-6-luna,codex-cli 0.160.0,3.14.7,3a6638ea3d6967f03770478039bf1f32e522ab393c32feb5df85d1b923e1ca19,08019d8aab7c15481f6d14126645eebd7b2c2c98025f94118baeee2167e4a300,9c40d5ead25b9bda63c12fb4919c836d12c415ec,104853e7dc867ae0e2e41c7c3abc095d97b1d5398a27da4c590fd94da793ab6f,FAIL,24968,285696,3857,314521,73dc09afe4d8d5a90ef6222bfa815e93217131ab8dd8afe7d9f5f31cc417a6e7,r70-macbook-window-v1
l2,codex__gpt-6-luna__low__default__r70-4-go-fe2-l2steps__r2,r70-4-go-fe2-l2steps,r70-4-go-fe2-l2steps,steps,low,2,bulk,VALID,kogen-bench-us,gpt-6-luna,codex-cli 0.160.0,3.14.7,3a6638ea3d6967f03770478039bf1f32e522ab393c32feb5df85d1b923e1ca19,08019d8aab7c15481f6d14126645eebd7b2c2c98025f94118baeee2167e4a300,9c40d5ead25b9bda63c12fb4919c836d12c415ec,104853e7dc867ae0e2e41c7c3abc095d97b1d5398a27da4c590fd94da793ab6f,FAIL,13047,174848,2341,190236,73dc09afe4d8d5a90ef6222bfa815e93217131ab8dd8afe7d9f5f31cc417a6e7,r70-macbook-window-v1
l2,codex__gpt-6-luna__max__default__r70-4-go-fe2-l2steps__r1,r70-4-go-fe2-l2steps,r70-4-go-fe2-l2steps,steps,max,1,gate,VALID,kogen-bench-us,gpt-6-luna,codex-cli 0.160.0,3.14.7,3a6638ea3d6967f03770478039bf1f32e522ab393c32feb5df85d1b923e1ca19,08019d8aab7c15481f6d14126645eebd7b2c2c98025f94118baeee2167e4a300,9c40d5ead25b9bda63c12fb4919c836d12c415ec,104853e7dc867ae0e2e41c7c3abc095d97b1d5398a27da4c590fd94da793ab6f,PASS,55099,691968,25790,772857,73dc09afe4d8d5a90ef6222bfa815e93217131ab8dd8afe7d9f5f31cc417a6e7,r70-macbook-window-v1
l2,codex__gpt-6-luna__max__default__r70-4-go-fe2-l2steps__r2,r70-4-go-fe2-l2steps,r70-4-go-fe2-l2steps,steps,max,2,bulk,VALID,kogen-bench-us,gpt-6-luna,codex-cli 0.160.0,3.14.7,3a6638ea3d6967f03770478039bf1f32e522ab393c32feb5df85d1b923e1ca19,08019d8aab7c15481f6d14126645eebd7b2c2c98025f94118baeee2167e4a300,9c40d5ead25b9bda63c12fb4919c836d12c415ec,104853e7dc867ae0e2e41c7c3abc095d97b1d5398a27da4c590fd94da793ab6f,PASS,71562,908288,32930,1012780,73dc09afe4d8d5a90ef6222bfa815e93217131ab8dd8afe7d9f5f31cc417a6e7,r70-macbook-window-v1
l2,codex__gpt-6-luna__low__default__r70-4-ts-bun-fe2__r1,r70-4-ts-bun-fe2,r70-4-ts-bun-fe2,none,low,1,gate,VALID,kogen-bench-us,gpt-6-luna,codex-cli 0.160.0,3.14.7,3a6638ea3d6967f03770478039bf1f32e522ab393c32feb5df85d1b923e1ca19,08019d8aab7c15481f6d14126645eebd7b2c2c98025f94118baeee2167e4a300,cc3a831a167020538c4ca2ad90185606a2e4ad6a,,FAIL,22848,103424,1757,128029,73dc09afe4d8d5a90ef6222bfa815e93217131ab8dd8afe7d9f5f31cc417a6e7,r70-macbook-window-v1
l2,codex__gpt-6-luna__low__default__r70-4-ts-bun-fe2-l2approach__r1,r70-4-ts-bun-fe2-l2approach,r70-4-ts-bun-fe2-l2approach,approach,low,1,gate,VALID,kogen-bench-us,gpt-6-luna,codex-cli 0.160.0,3.14.7,3a6638ea3d6967f03770478039bf1f32e522ab393c32feb5df85d1b923e1ca19,08019d8aab7c15481f6d14126645eebd7b2c2c98025f94118baeee2167e4a300,de4007f44b3115aa79c94bf62c09067d839ef7ec,ddb365943f53b51f148cad60d5c4679d3dba69d398cf63e7b9ddbd8c79dc24b1,FAIL,11670,85248,1873,98791,73dc09afe4d8d5a90ef6222bfa815e93217131ab8dd8afe7d9f5f31cc417a6e7,r70-macbook-window-v1
l2,codex__gpt-6-luna__low__default__r70-4-ts-bun-fe2-l2approach__r2,r70-4-ts-bun-fe2-l2approach,r70-4-ts-bun-fe2-l2approach,approach,low,2,bulk,VALID,kogen-bench-us,gpt-6-luna,codex-cli 0.160.0,3.14.7,3a6638ea3d6967f03770478039bf1f32e522ab393c32feb5df85d1b923e1ca19,08019d8aab7c15481f6d14126645eebd7b2c2c98025f94118baeee2167e4a300,de4007f44b3115aa79c94bf62c09067d839ef7ec,ddb365943f53b51f148cad60d5c4679d3dba69d398cf63e7b9ddbd8c79dc24b1,PASS,27467,258560,3861,289888,73dc09afe4d8d5a90ef6222bfa815e93217131ab8dd8afe7d9f5f31cc417a6e7,r70-macbook-window-v1
l2,codex__gpt-6-luna__max__default__r70-4-ts-bun-fe2-l2approach__r1,r70-4-ts-bun-fe2-l2approach,r70-4-ts-bun-fe2-l2approach,approach,max,1,gate,VALID,kogen-bench-us,gpt-6-luna,codex-cli 0.160.0,3.14.7,3a6638ea3d6967f03770478039bf1f32e522ab393c32feb5df85d1b923e1ca19,08019d8aab7c15481f6d14126645eebd7b2c2c98025f94118baeee2167e4a300,de4007f44b3115aa79c94bf62c09067d839ef7ec,ddb365943f53b51f148cad60d5c4679d3dba69d398cf63e7b9ddbd8c79dc24b1,PASS,48507,518656,28377,595540,73dc09afe4d8d5a90ef6222bfa815e93217131ab8dd8afe7d9f5f31cc417a6e7,r70-macbook-window-v1
l2,codex__gpt-6-luna__max__default__r70-4-ts-bun-fe2-l2approach__r2,r70-4-ts-bun-fe2-l2approach,r70-4-ts-bun-fe2-l2approach,approach,max,2,bulk,VALID,kogen-bench-us,gpt-6-luna,codex-cli 0.160.0,3.14.7,3a6638ea3d6967f03770478039bf1f32e522ab393c32feb5df85d1b923e1ca19,08019d8aab7c15481f6d14126645eebd7b2c2c98025f94118baeee2167e4a300,de4007f44b3115aa79c94bf62c09067d839ef7ec,ddb365943f53b51f148cad60d5c4679d3dba69d398cf63e7b9ddbd8c79dc24b1,FAIL,58375,718592,28704,805671,73dc09afe4d8d5a90ef6222bfa815e93217131ab8dd8afe7d9f5f31cc417a6e7,r70-macbook-window-v1
l2,codex__gpt-6-luna__low__default__r70-4-ts-bun-fe2-l2criteria__r1,r70-4-ts-bun-fe2-l2criteria,r70-4-ts-bun-fe2-l2criteria,criteria,low,1,gate,VALID,kogen-bench-us,gpt-6-luna,codex-cli 0.160.0,3.14.7,3a6638ea3d6967f03770478039bf1f32e522ab393c32feb5df85d1b923e1ca19,08019d8aab7c15481f6d14126645eebd7b2c2c98025f94118baeee2167e4a300,c977e8ea8ce3cd817a87fb32c005cf65a2e7c718,e0c0149b8a6c11a0ff745ae7218dade16ae9ea58420a392a3d17ee680e7e2a41,PASS,18685,231424,2714,252823,73dc09afe4d8d5a90ef6222bfa815e93217131ab8dd8afe7d9f5f31cc417a6e7,r70-macbook-window-v1
l2,codex__gpt-6-luna__low__default__r70-4-ts-bun-fe2-l2criteria__r2,r70-4-ts-bun-fe2-l2criteria,r70-4-ts-bun-fe2-l2criteria,criteria,low,2,bulk,VALID,kogen-bench-us,gpt-6-luna,codex-cli 0.160.0,3.14.7,3a6638ea3d6967f03770478039bf1f32e522ab393c32feb5df85d1b923e1ca19,08019d8aab7c15481f6d14126645eebd7b2c2c98025f94118baeee2167e4a300,c977e8ea8ce3cd817a87fb32c005cf65a2e7c718,e0c0149b8a6c11a0ff745ae7218dade16ae9ea58420a392a3d17ee680e7e2a41,PASS,20882,130560,2598,154040,73dc09afe4d8d5a90ef6222bfa815e93217131ab8dd8afe7d9f5f31cc417a6e7,r70-macbook-window-v1
l2,codex__gpt-6-luna__max__default__r70-4-ts-bun-fe2-l2criteria__r1,r70-4-ts-bun-fe2-l2criteria,r70-4-ts-bun-fe2-l2criteria,criteria,max,1,gate,VALID,kogen-bench-us,gpt-6-luna,codex-cli 0.160.0,3.14.7,3a6638ea3d6967f03770478039bf1f32e522ab393c32feb5df85d1b923e1ca19,08019d8aab7c15481f6d14126645eebd7b2c2c98025f94118baeee2167e4a300,c977e8ea8ce3cd817a87fb32c005cf65a2e7c718,e0c0149b8a6c11a0ff745ae7218dade16ae9ea58420a392a3d17ee680e7e2a41,PASS,50249,235776,16232,302257,73dc09afe4d8d5a90ef6222bfa815e93217131ab8dd8afe7d9f5f31cc417a6e7,r70-macbook-window-v1
l2,codex__gpt-6-luna__max__default__r70-4-ts-bun-fe2-l2criteria__r2,r70-4-ts-bun-fe2-l2criteria,r70-4-ts-bun-fe2-l2criteria,criteria,max,2,bulk,VALID,kogen-bench-us,gpt-6-luna,codex-cli 0.160.0,3.14.7,3a6638ea3d6967f03770478039bf1f32e522ab393c32feb5df85d1b923e1ca19,08019d8aab7c15481f6d14126645eebd7b2c2c98025f94118baeee2167e4a300,c977e8ea8ce3cd817a87fb32c005cf65a2e7c718,e0c0149b8a6c11a0ff745ae7218dade16ae9ea58420a392a3d17ee680e7e2a41,FAIL,50576,558592,25881,635049,73dc09afe4d8d5a90ef6222bfa815e93217131ab8dd8afe7d9f5f31cc417a6e7,r70-macbook-window-v1
l2,codex__gpt-6-luna__low__default__r70-4-ts-bun-fe2-l2steps__r1,r70-4-ts-bun-fe2-l2steps,r70-4-ts-bun-fe2-l2steps,steps,low,1,gate,VALID,kogen-bench-us,gpt-6-luna,codex-cli 0.160.0,3.14.7,3a6638ea3d6967f03770478039bf1f32e522ab393c32feb5df85d1b923e1ca19,08019d8aab7c15481f6d14126645eebd7b2c2c98025f94118baeee2167e4a300,2dbbffb9759ff1372ff1087951c3332aafd57bf4,b19f9b6e352b9ab3e099ab510eddd14cd6743c0d2765d99df43282d9bba71ce8,FAIL,26853,103424,1780,132057,73dc09afe4d8d5a90ef6222bfa815e93217131ab8dd8afe7d9f5f31cc417a6e7,r70-macbook-window-v1
l2,codex__gpt-6-luna__low__default__r70-4-ts-bun-fe2-l2steps__r2,r70-4-ts-bun-fe2-l2steps,r70-4-ts-bun-fe2-l2steps,steps,low,2,bulk,VALID,kogen-bench-us,gpt-6-luna,codex-cli 0.160.0,3.14.7,3a6638ea3d6967f03770478039bf1f32e522ab393c32feb5df85d1b923e1ca19,08019d8aab7c15481f6d14126645eebd7b2c2c98025f94118baeee2167e4a300,2dbbffb9759ff1372ff1087951c3332aafd57bf4,b19f9b6e352b9ab3e099ab510eddd14cd6743c0d2765d99df43282d9bba71ce8,PASS,17101,198400,2792,218293,73dc09afe4d8d5a90ef6222bfa815e93217131ab8dd8afe7d9f5f31cc417a6e7,r70-macbook-window-v1
l2,codex__gpt-6-luna__max__default__r70-4-ts-bun-fe2-l2steps__r1,r70-4-ts-bun-fe2-l2steps,r70-4-ts-bun-fe2-l2steps,steps,max,1,gate,VALID,kogen-bench-us,gpt-6-luna,codex-cli 0.160.0,3.14.7,3a6638ea3d6967f03770478039bf1f32e522ab393c32feb5df85d1b923e1ca19,08019d8aab7c15481f6d14126645eebd7b2c2c98025f94118baeee2167e4a300,2dbbffb9759ff1372ff1087951c3332aafd57bf4,b19f9b6e352b9ab3e099ab510eddd14cd6743c0d2765d99df43282d9bba71ce8,PASS,35638,237824,21900,295362,73dc09afe4d8d5a90ef6222bfa815e93217131ab8dd8afe7d9f5f31cc417a6e7,r70-macbook-window-v1
l2,codex__gpt-6-luna__max__default__r70-4-ts-bun-fe2-l2steps__r2,r70-4-ts-bun-fe2-l2steps,r70-4-ts-bun-fe2-l2steps,steps,max,2,bulk,VALID,kogen-bench-us,gpt-6-luna,codex-cli 0.160.0,3.14.7,3a6638ea3d6967f03770478039bf1f32e522ab393c32feb5df85d1b923e1ca19,08019d8aab7c15481f6d14126645eebd7b2c2c98025f94118baeee2167e4a300,2dbbffb9759ff1372ff1087951c3332aafd57bf4,b19f9b6e352b9ab3e099ab510eddd14cd6743c0d2765d99df43282d9bba71ce8,FAIL,46346,620032,25218,691596,73dc09afe4d8d5a90ef6222bfa815e93217131ab8dd8afe7d9f5f31cc417a6e7,r70-macbook-window-v1
l2,codex__gpt-6-luna__low__default__r70-7-rust__r1,r70-7-rust,r70-7-rust,none,low,1,gate,VALID,kogen-bench-eu,gpt-6-luna,codex-cli 0.160.0,3.14.7,3a6638ea3d6967f03770478039bf1f32e522ab393c32feb5df85d1b923e1ca19,08019d8aab7c15481f6d14126645eebd7b2c2c98025f94118baeee2167e4a300,111a0c776ae6d93f6e7fccd3fc694d5f4fa26838,,PASS,27266,149760,3384,180410,73dc09afe4d8d5a90ef6222bfa815e93217131ab8dd8afe7d9f5f31cc417a6e7,r70-macbook-window-v1
l2,codex__gpt-6-luna__low__default__r70-7-rust-l2approach__r1,r70-7-rust-l2approach,r70-7-rust-l2approach,approach,low,1,gate,VALID,kogen-bench-eu,gpt-6-luna,codex-cli 0.160.0,3.14.7,3a6638ea3d6967f03770478039bf1f32e522ab393c32feb5df85d1b923e1ca19,08019d8aab7c15481f6d14126645eebd7b2c2c98025f94118baeee2167e4a300,7eb195d8474713c66fcd3173b064d801876c367e,d14c4377010fd3ccb8e5688528d2d36454821e0db9f559dd41d301cc527e2e50,PASS,13258,119552,3324,136134,73dc09afe4d8d5a90ef6222bfa815e93217131ab8dd8afe7d9f5f31cc417a6e7,r70-macbook-window-v1
l2,codex__gpt-6-luna__low__default__r70-7-rust-l2approach__r2,r70-7-rust-l2approach,r70-7-rust-l2approach,approach,low,2,bulk,VALID,kogen-bench-eu,gpt-6-luna,codex-cli 0.160.0,3.14.7,3a6638ea3d6967f03770478039bf1f32e522ab393c32feb5df85d1b923e1ca19,08019d8aab7c15481f6d14126645eebd7b2c2c98025f94118baeee2167e4a300,7eb195d8474713c66fcd3173b064d801876c367e,d14c4377010fd3ccb8e5688528d2d36454821e0db9f559dd41d301cc527e2e50,PASS,33481,166144,5522,205147,73dc09afe4d8d5a90ef6222bfa815e93217131ab8dd8afe7d9f5f31cc417a6e7,r70-macbook-window-v1
l2,codex__gpt-6-luna__max__default__r70-7-rust-l2approach__r1,r70-7-rust-l2approach,r70-7-rust-l2approach,approach,max,1,gate,VALID,kogen-bench-eu,gpt-6-luna,codex-cli 0.160.0,3.14.7,3a6638ea3d6967f03770478039bf1f32e522ab393c32feb5df85d1b923e1ca19,08019d8aab7c15481f6d14126645eebd7b2c2c98025f94118baeee2167e4a300,7eb195d8474713c66fcd3173b064d801876c367e,d14c4377010fd3ccb8e5688528d2d36454821e0db9f559dd41d301cc527e2e50,PASS,46385,220928,15984,283297,73dc09afe4d8d5a90ef6222bfa815e93217131ab8dd8afe7d9f5f31cc417a6e7,r70-macbook-window-v1
l2,codex__gpt-6-luna__max__default__r70-7-rust-l2approach__r2,r70-7-rust-l2approach,r70-7-rust-l2approach,approach,max,2,bulk,VALID,kogen-bench-eu,gpt-6-luna,codex-cli 0.160.0,3.14.7,3a6638ea3d6967f03770478039bf1f32e522ab393c32feb5df85d1b923e1ca19,08019d8aab7c15481f6d14126645eebd7b2c2c98025f94118baeee2167e4a300,7eb195d8474713c66fcd3173b064d801876c367e,d14c4377010fd3ccb8e5688528d2d36454821e0db9f559dd41d301cc527e2e50,FAIL,27476,220160,13087,260723,73dc09afe4d8d5a90ef6222bfa815e93217131ab8dd8afe7d9f5f31cc417a6e7,r70-macbook-window-v1
l2,codex__gpt-6-luna__low__default__r70-7-rust-l2criteria__r1,r70-7-rust-l2criteria,r70-7-rust-l2criteria,criteria,low,1,gate,VALID,kogen-bench-eu,gpt-6-luna,codex-cli 0.160.0,3.14.7,3a6638ea3d6967f03770478039bf1f32e522ab393c32feb5df85d1b923e1ca19,08019d8aab7c15481f6d14126645eebd7b2c2c98025f94118baeee2167e4a300,538de74aefb8bd061438a00da684aeec2b3e8a5b,6415b150f9a16886a7328d4d847228c5335e5cb26c39d590276f12e3b182eef2,PASS,24048,189184,3503,216735,73dc09afe4d8d5a90ef6222bfa815e93217131ab8dd8afe7d9f5f31cc417a6e7,r70-macbook-window-v1
l2,codex__gpt-6-luna__low__default__r70-7-rust-l2criteria__r2,r70-7-rust-l2criteria,r70-7-rust-l2criteria,criteria,low,2,bulk,VALID,kogen-bench-eu,gpt-6-luna,codex-cli 0.160.0,3.14.7,3a6638ea3d6967f03770478039bf1f32e522ab393c32feb5df85d1b923e1ca19,08019d8aab7c15481f6d14126645eebd7b2c2c98025f94118baeee2167e4a300,538de74aefb8bd061438a00da684aeec2b3e8a5b,6415b150f9a16886a7328d4d847228c5335e5cb26c39d590276f12e3b182eef2,PASS,18204,123648,2959,144811,73dc09afe4d8d5a90ef6222bfa815e93217131ab8dd8afe7d9f5f31cc417a6e7,r70-macbook-window-v1
l2,codex__gpt-6-luna__max__default__r70-7-rust-l2criteria__r1,r70-7-rust-l2criteria,r70-7-rust-l2criteria,criteria,max,1,gate,VALID,kogen-bench-eu,gpt-6-luna,codex-cli 0.160.0,3.14.7,3a6638ea3d6967f03770478039bf1f32e522ab393c32feb5df85d1b923e1ca19,08019d8aab7c15481f6d14126645eebd7b2c2c98025f94118baeee2167e4a300,538de74aefb8bd061438a00da684aeec2b3e8a5b,6415b150f9a16886a7328d4d847228c5335e5cb26c39d590276f12e3b182eef2,FAIL,41237,293376,16574,351187,73dc09afe4d8d5a90ef6222bfa815e93217131ab8dd8afe7d9f5f31cc417a6e7,r70-macbook-window-v1
l2,codex__gpt-6-luna__max__default__r70-7-rust-l2criteria__r2,r70-7-rust-l2criteria,r70-7-rust-l2criteria,criteria,max,2,bulk,VALID,kogen-bench-eu,gpt-6-luna,codex-cli 0.160.0,3.14.7,3a6638ea3d6967f03770478039bf1f32e522ab393c32feb5df85d1b923e1ca19,08019d8aab7c15481f6d14126645eebd7b2c2c98025f94118baeee2167e4a300,538de74aefb8bd061438a00da684aeec2b3e8a5b,6415b150f9a16886a7328d4d847228c5335e5cb26c39d590276f12e3b182eef2,PASS,65051,375552,15298,455901,73dc09afe4d8d5a90ef6222bfa815e93217131ab8dd8afe7d9f5f31cc417a6e7,r70-macbook-window-v1
l2,codex__gpt-6-luna__low__default__r70-7-rust-l2steps__r1,r70-7-rust-l2steps,r70-7-rust-l2steps,steps,low,1,gate,VALID,kogen-bench-eu,gpt-6-luna,codex-cli 0.160.0,3.14.7,3a6638ea3d6967f03770478039bf1f32e522ab393c32feb5df85d1b923e1ca19,08019d8aab7c15481f6d14126645eebd7b2c2c98025f94118baeee2167e4a300,c70927abbf58f038226c0f83a24da9edae0c00d0,53ae845814f28c4758e3ddf7d2f7c0fee434b7e490c69b1964afc1d6f6b7c7e5,PASS,31485,222720,3563,257768,73dc09afe4d8d5a90ef6222bfa815e93217131ab8dd8afe7d9f5f31cc417a6e7,r70-macbook-window-v1
l2,codex__gpt-6-luna__low__default__r70-7-rust-l2steps__r2,r70-7-rust-l2steps,r70-7-rust-l2steps,steps,low,2,bulk,VALID,kogen-bench-eu,gpt-6-luna,codex-cli 0.160.0,3.14.7,3a6638ea3d6967f03770478039bf1f32e522ab393c32feb5df85d1b923e1ca19,08019d8aab7c15481f6d14126645eebd7b2c2c98025f94118baeee2167e4a300,c70927abbf58f038226c0f83a24da9edae0c00d0,53ae845814f28c4758e3ddf7d2f7c0fee434b7e490c69b1964afc1d6f6b7c7e5,PASS,29076,147712,4382,181170,73dc09afe4d8d5a90ef6222bfa815e93217131ab8dd8afe7d9f5f31cc417a6e7,r70-macbook-window-v1
l2,codex__gpt-6-luna__max__default__r70-7-rust-l2steps__r1,r70-7-rust-l2steps,r70-7-rust-l2steps,steps,max,1,gate,VALID,kogen-bench-eu,gpt-6-luna,codex-cli 0.160.0,3.14.7,3a6638ea3d6967f03770478039bf1f32e522ab393c32feb5df85d1b923e1ca19,08019d8aab7c15481f6d14126645eebd7b2c2c98025f94118baeee2167e4a300,c70927abbf58f038226c0f83a24da9edae0c00d0,53ae845814f28c4758e3ddf7d2f7c0fee434b7e490c69b1964afc1d6f6b7c7e5,PASS,43185,441344,19205,503734,73dc09afe4d8d5a90ef6222bfa815e93217131ab8dd8afe7d9f5f31cc417a6e7,r70-macbook-window-v1
l2,codex__gpt-6-luna__max__default__r70-7-rust-l2steps__r2,r70-7-rust-l2steps,r70-7-rust-l2steps,steps,max,2,bulk,VALID,kogen-bench-eu,gpt-6-luna,codex-cli 0.160.0,3.14.7,3a6638ea3d6967f03770478039bf1f32e522ab393c32feb5df85d1b923e1ca19,08019d8aab7c15481f6d14126645eebd7b2c2c98025f94118baeee2167e4a300,c70927abbf58f038226c0f83a24da9edae0c00d0,53ae845814f28c4758e3ddf7d2f7c0fee434b7e490c69b1964afc1d6f6b7c7e5,PASS,39815,371200,16648,427663,73dc09afe4d8d5a90ef6222bfa815e93217131ab8dd8afe7d9f5f31cc417a6e7,r70-macbook-window-v1
