task_id,variant_id,level,model,effort,cli_version,plan_sha256,uncached_input_tokens,cached_input_tokens,output_tokens,total_tokens
r70-2-elixir,r70-2-elixir-l2approach,approach,gpt-6-luna,max,codex-cli 0.160.1,4986e20ea03a06466030cd3e40a613a34f6fd7f541d4fb92e103439ea2505f2f,9868,36096,3129,49093
r70-2-elixir,r70-2-elixir-l2criteria,criteria,gpt-6-luna,max,codex-cli 0.160.1,e3f054f0bf8335d286581ea716825cb540e31d6333a78935e759feab3ccd1e2d,10588,35072,3139,48799
r70-2-elixir,r70-2-elixir-l2steps,steps,gpt-6-luna,max,codex-cli 0.160.1,75b11ce37398535be44d17272c0dbcf55fa7791f93863f4f7bd603df82250a46,7924,38144,6453,52521
r70-2-go,r70-2-go-l2approach,approach,gpt-6-luna,max,codex-cli 0.160.1,707ff42bb366fad3e83a1c9ba929f7ad15613195e06c078c6678c05e81affcd6,6544,38144,1966,46654
r70-2-go,r70-2-go-l2criteria,criteria,gpt-6-luna,max,codex-cli 0.160.1,92799bbf4b92d915b52b4b3b787dab9bb659380eb196998c41955887fd19e511,6651,38144,1443,46238
r70-2-go,r70-2-go-l2steps,steps,gpt-6-luna,max,codex-cli 0.160.1,9f7dfe458cf2d0e7ce83747a8a1f6bd657f23b467c5173ef5e4c656448ebdf87,9060,36096,3976,49132
r70-4-elixir-fe2,r70-4-elixir-fe2-l2approach,approach,gpt-6-luna,max,codex-cli 0.160.1,c8963e6d6421b153ce56a9c1389ab1af5fb0c434413d14505dda63c143fc207d,9777,39168,1690,50635
r70-4-elixir-fe2,r70-4-elixir-fe2-l2criteria,criteria,gpt-6-luna,max,codex-cli 0.160.1,950ac4033b51b7cdffc9b7f4cf1e161d984acf84c83cc7f3949a43b773be6497,7237,39168,1516,47921
r70-4-elixir-fe2,r70-4-elixir-fe2-l2steps,steps,gpt-6-luna,max,codex-cli 0.160.1,2515e7b8cec8a619dd955401c2b74a9aa9ed3c68a0b450aa1068b43f4f83eadc,6347,40192,4670,51209
r70-4-go-fe2,r70-4-go-fe2-l2approach,approach,gpt-6-luna,max,codex-cli 0.160.1,dd12e95f67c0388c51a1626bc0d46f1850face51b0209a279624a0baf0013cb5,11238,36096,3954,51288
r70-4-go-fe2,r70-4-go-fe2-l2criteria,criteria,gpt-6-luna,max,codex-cli 0.160.1,90f4b65162e54d422cb26bd5c2890eb13224d92d60678e5ff95f11c75e6d1d80,4548,40192,2005,46745
r70-4-go-fe2,r70-4-go-fe2-l2steps,steps,gpt-6-luna,max,codex-cli 0.160.1,104853e7dc867ae0e2e41c7c3abc095d97b1d5398a27da4c590fd94da793ab6f,4739,40192,5066,49997
r70-4-ts-bun-fe2,r70-4-ts-bun-fe2-l2approach,approach,gpt-6-luna,max,codex-cli 0.160.1,ddb365943f53b51f148cad60d5c4679d3dba69d398cf63e7b9ddbd8c79dc24b1,10630,36096,2369,49095
r70-4-ts-bun-fe2,r70-4-ts-bun-fe2-l2criteria,criteria,gpt-6-luna,max,codex-cli 0.160.1,e0c0149b8a6c11a0ff745ae7218dade16ae9ea58420a392a3d17ee680e7e2a41,6952,40192,1811,48955
r70-4-ts-bun-fe2,r70-4-ts-bun-fe2-l2steps,steps,gpt-6-luna,max,codex-cli 0.160.1,b19f9b6e352b9ab3e099ab510eddd14cd6743c0d2765d99df43282d9bba71ce8,5278,42240,3250,50768
r70-7-rust,r70-7-rust-l2approach,approach,gpt-6-luna,max,codex-cli 0.160.1,d14c4377010fd3ccb8e5688528d2d36454821e0db9f559dd41d301cc527e2e50,6808,39168,2860,48836
r70-7-rust,r70-7-rust-l2criteria,criteria,gpt-6-luna,max,codex-cli 0.160.1,6415b150f9a16886a7328d4d847228c5335e5cb26c39d590276f12e3b182eef2,6893,41216,1885,49994
r70-7-rust,r70-7-rust-l2steps,steps,gpt-6-luna,max,codex-cli 0.160.1,53ae845814f28c4758e3ddf7d2f7c0fee434b7e490c69b1964afc1d6f6b7c7e5,7077,39168,3096,49341
