cell_id,cohort,task,stack,rep,host,outcome,uncached,cached,output,total_tokens,kogen_commit,model,effort,cli_version
codex__gpt-6-luna__max__default__r70-2-elixir__r31,POOL-L5,r70-2-elixir,elixir,31,kogen-bench-eu,fail,325094,8716288,99349,9140731,470ba65c1d3c19191a2190a032cd9ebf24e71975,gpt-6-luna,max,codex-cli 0.160.0
codex__gpt-6-luna__max__default__r70-2-elixir__r32,POOL-L5,r70-2-elixir,elixir,32,kogen-bench-eu,pass,183448,6519296,92582,6795326,470ba65c1d3c19191a2190a032cd9ebf24e71975,gpt-6-luna,max,codex-cli 0.160.0
codex__gpt-6-luna__max__default__r70-2-elixir__r33,POOL-L5,r70-2-elixir,elixir,33,kogen-bench-eu,fail,187942,6158592,103948,6450482,470ba65c1d3c19191a2190a032cd9ebf24e71975,gpt-6-luna,max,codex-cli 0.160.0
codex__gpt-6-luna__max__default__r70-2-go__r31,POOL-L5,r70-2-go,go,31,kogen-bench-us,pass,50614,741632,31591,823837,13a08875ea5e1fd0a3debc6f0b8c6b98a4b37a82,gpt-6-luna,max,codex-cli 0.160.0
codex__gpt-6-luna__max__default__r70-2-go__r32,POOL-L5,r70-2-go,go,32,kogen-bench-us,fail,63934,1018112,34255,1116301,13a08875ea5e1fd0a3debc6f0b8c6b98a4b37a82,gpt-6-luna,max,codex-cli 0.160.0
codex__gpt-6-luna__max__default__r70-2-go__r33,POOL-L5,r70-2-go,go,33,kogen-bench-us,pass,59234,330752,22702,412688,13a08875ea5e1fd0a3debc6f0b8c6b98a4b37a82,gpt-6-luna,max,codex-cli 0.160.0
codex__gpt-6-luna__max__default__r70-7-rust__r1,POOL-L5,r70-7-rust,rust,1,kogen-bench-eu,pass,47929,476416,18970,543315,111a0c776ae6d93f6e7fccd3fc694d5f4fa26838,gpt-6-luna,max,codex-cli 0.160.0
codex__gpt-6-luna__max__default__r70-7-rust__r2,POOL-L5,r70-7-rust,rust,2,kogen-bench-us,pass,46852,587776,21348,655976,111a0c776ae6d93f6e7fccd3fc694d5f4fa26838,gpt-6-luna,max,codex-cli 0.160.0
codex__gpt-6-luna__max__default__r70-7-rust__r3,POOL-L5,r70-7-rust,rust,3,kogen-bench-us,pass,63734,301056,17923,382713,111a0c776ae6d93f6e7fccd3fc694d5f4fa26838,gpt-6-luna,max,codex-cli 0.160.0
codex__gpt-6-luna__max__default__r70-7-rust__r31,POOL-L5,r70-7-rust,rust,31,kogen-bench-eu,fail,31513,158208,13107,202828,111a0c776ae6d93f6e7fccd3fc694d5f4fa26838,gpt-6-luna,max,codex-cli 0.160.0
codex__gpt-6-luna__max__default__r70-7-rust__r32,POOL-L5,r70-7-rust,rust,32,kogen-bench-eu,pass,53273,330496,13515,397284,111a0c776ae6d93f6e7fccd3fc694d5f4fa26838,gpt-6-luna,max,codex-cli 0.160.0
codex__gpt-6-luna__max__default__r70-7-rust__r33,POOL-L5,r70-7-rust,rust,33,kogen-bench-eu,pass,72568,512512,17116,602196,111a0c776ae6d93f6e7fccd3fc694d5f4fa26838,gpt-6-luna,max,codex-cli 0.160.0
codex__gpt-6-luna__max__default__r70-4-elixir-fe2__r9,POOL-L5,r70-4-elixir-fe2,elixir,9,kogen-bench-eu,fail,54941,722688,26036,803665,5ccd0bf1e816e2b2f5b2694861f8596402409f52,gpt-6-luna,max,codex-cli 0.160.0
codex__gpt-6-luna__max__default__r70-4-elixir-fe2__r10,POOL-L5,r70-4-elixir-fe2,elixir,10,kogen-bench-eu,fail,52760,602112,20699,675571,5ccd0bf1e816e2b2f5b2694861f8596402409f52,gpt-6-luna,max,codex-cli 0.160.0
codex__gpt-6-luna__max__default__r70-4-elixir-fe2__r13,POOL-L5,r70-4-elixir-fe2,elixir,13,kogen-bench-eu,fail,65324,1118464,30417,1214205,5ccd0bf1e816e2b2f5b2694861f8596402409f52,gpt-6-luna,max,codex-cli 0.160.0
codex__gpt-6-luna__max__default__r70-4-go-fe2__r820,POOL-L5,r70-4-go-fe2,go,820,kogen-bench-us,fail,39244,236800,17352,293396,748ebe3a3bc03a112dab83e785159654e0709f9e,gpt-6-luna,max,codex-cli 0.160.0
codex__gpt-6-luna__max__default__r70-4-go-fe2__r823,POOL-L5,r70-4-go-fe2,go,823,kogen-bench-us,pass,34922,425472,18548,478942,748ebe3a3bc03a112dab83e785159654e0709f9e,gpt-6-luna,max,codex-cli 0.160.0
codex__gpt-6-luna__max__default__r70-4-ts-bun-fe2__r9,POOL-L5,r70-4-ts-bun-fe2,ts-bun,9,kogen-bench-us,fail,74399,772608,31383,878390,cc3a831a167020538c4ca2ad90185606a2e4ad6a,gpt-6-luna,max,codex-cli 0.160.0
codex__gpt-6-luna__max__default__r70-4-ts-bun-fe2__r10,POOL-L5,r70-4-ts-bun-fe2,ts-bun,10,kogen-bench-us,pass,54275,606976,28893,690144,cc3a831a167020538c4ca2ad90185606a2e4ad6a,gpt-6-luna,max,codex-cli 0.160.0
codex__gpt-6-luna__max__default__r70-4-ts-bun-fe2__r13,POOL-L5,r70-4-ts-bun-fe2,ts-bun,13,kogen-bench-us,pass,51426,564480,30985,646891,cc3a831a167020538c4ca2ad90185606a2e4ad6a,gpt-6-luna,max,codex-cli 0.160.0
codex__gpt-6-luna__max__default__r70-4-ts-bun-fe2__r819,POOL-L5,r70-4-ts-bun-fe2,ts-bun,819,kogen-bench-us,fail,23626,141312,15712,180650,880afb00474fe33e9cf38a6d70016ddcd4e38e81,gpt-6-luna,max,codex-cli 0.160.0
