cell_id,cohort,task,stack,rep,host,outcome,uncached,cached,output,total_tokens,kogen_commit,model,effort,cli_version,wrapper_sha256
codex__gpt-6.1-sol__medium__default__r70-2-go__r1,reused,r70-2-go,go,1,kogen-bench-us,pass,21607,189568,10564,221739,13a08875ea5e1fd0a3debc6f0b8c6b98a4b37a82,gpt-6.1-sol,medium,codex-cli 0.160.0,08019d8aab7c15481f6d14126645eebd7b2c2c98025f94118baeee2167e4a300
codex__gpt-6.1-sol__medium__default__r70-2-go__r2,reused,r70-2-go,go,2,kogen-bench-us,pass,19730,185728,5850,211308,13a08875ea5e1fd0a3debc6f0b8c6b98a4b37a82,gpt-6.1-sol,medium,codex-cli 0.160.0,08019d8aab7c15481f6d14126645eebd7b2c2c98025f94118baeee2167e4a300
codex__gpt-6.1-sol__medium__default__r70-2-go__r3,reused,r70-2-go,go,3,kogen-bench-us,pass,34328,181632,7174,223134,13a08875ea5e1fd0a3debc6f0b8c6b98a4b37a82,gpt-6.1-sol,medium,codex-cli 0.160.0,08019d8aab7c15481f6d14126645eebd7b2c2c98025f94118baeee2167e4a300
codex__gpt-6.1-sol__medium__default__r70-4-go-fe2__r1,reused,r70-4-go-fe2,go,1,kogen-bench-us,pass,17992,135040,7413,160445,21d21a2f420a387c921f998e5b4d16efc8f80904,gpt-6.1-sol,medium,codex-cli 0.160.0,08019d8aab7c15481f6d14126645eebd7b2c2c98025f94118baeee2167e4a300
codex__gpt-6.1-sol__medium__default__r70-4-go-fe2__r2,reused,r70-4-go-fe2,go,2,kogen-bench-us,fail,17165,164736,9229,191130,21d21a2f420a387c921f998e5b4d16efc8f80904,gpt-6.1-sol,medium,codex-cli 0.160.0,08019d8aab7c15481f6d14126645eebd7b2c2c98025f94118baeee2167e4a300
codex__gpt-6.1-sol__medium__default__r70-4-go-fe2__r3,reused,r70-4-go-fe2,go,3,kogen-bench-us,pass,26780,150016,6932,183728,21d21a2f420a387c921f998e5b4d16efc8f80904,gpt-6.1-sol,medium,codex-cli 0.160.0,08019d8aab7c15481f6d14126645eebd7b2c2c98025f94118baeee2167e4a300
codex__gpt-6.1-sol__medium__default__r70-4-ts-bun-fe2__r1,reused,r70-4-ts-bun-fe2,ts-bun,1,kogen-bench-us,fail,13850,121472,5670,140992,cc3a831a167020538c4ca2ad90185606a2e4ad6a,gpt-6.1-sol,medium,codex-cli 0.160.0,08019d8aab7c15481f6d14126645eebd7b2c2c98025f94118baeee2167e4a300
codex__gpt-6.1-sol__medium__default__r70-4-ts-bun-fe2__r2,reused,r70-4-ts-bun-fe2,ts-bun,2,kogen-bench-us,fail,24844,137472,6878,169194,cc3a831a167020538c4ca2ad90185606a2e4ad6a,gpt-6.1-sol,medium,codex-cli 0.160.0,08019d8aab7c15481f6d14126645eebd7b2c2c98025f94118baeee2167e4a300
codex__gpt-6.1-sol__medium__default__r70-4-ts-bun-fe2__r3,reused,r70-4-ts-bun-fe2,ts-bun,3,kogen-bench-us,fail,17987,117120,6458,141565,cc3a831a167020538c4ca2ad90185606a2e4ad6a,gpt-6.1-sol,medium,codex-cli 0.160.0,08019d8aab7c15481f6d14126645eebd7b2c2c98025f94118baeee2167e4a300
codex__gpt-6.1-sol__medium__default__r70-7-rust__r1,reused,r70-7-rust,rust,1,kogen-bench-eu,pass,14074,83712,4876,102662,111a0c776ae6d93f6e7fccd3fc694d5f4fa26838,gpt-6.1-sol,medium,codex-cli 0.160.0,08019d8aab7c15481f6d14126645eebd7b2c2c98025f94118baeee2167e4a300
codex__gpt-6.1-sol__medium__default__r70-7-rust__r2,reused,r70-7-rust,rust,2,kogen-bench-us,pass,21362,112128,10559,144049,111a0c776ae6d93f6e7fccd3fc694d5f4fa26838,gpt-6.1-sol,medium,codex-cli 0.160.0,08019d8aab7c15481f6d14126645eebd7b2c2c98025f94118baeee2167e4a300
codex__gpt-6.1-sol__medium__default__r70-7-rust__r3,reused,r70-7-rust,rust,3,kogen-bench-us,pass,11601,68352,5663,85616,111a0c776ae6d93f6e7fccd3fc694d5f4fa26838,gpt-6.1-sol,medium,codex-cli 0.160.0,08019d8aab7c15481f6d14126645eebd7b2c2c98025f94118baeee2167e4a300
codex__gpt-6.1-sol__medium__default__r70-2-elixir__r901,new,r70-2-elixir,elixir,901,kogen-bench-eu,pass,59399,488832,15235,563466,470ba65c1d3c19191a2190a032cd9ebf24e71975,gpt-6.1-sol,medium,codex-cli 0.160.0,08019d8aab7c15481f6d14126645eebd7b2c2c98025f94118baeee2167e4a300
codex__gpt-6.1-sol__medium__default__r70-2-elixir__r902,new,r70-2-elixir,elixir,902,kogen-bench-eu,pass,46233,570112,16299,632644,470ba65c1d3c19191a2190a032cd9ebf24e71975,gpt-6.1-sol,medium,codex-cli 0.160.0,08019d8aab7c15481f6d14126645eebd7b2c2c98025f94118baeee2167e4a300
codex__gpt-6.1-sol__medium__default__r70-4-elixir-fe2__r901,new,r70-4-elixir-fe2,elixir,901,kogen-bench-eu,fail,34587,241920,8566,285073,5ccd0bf1e816e2b2f5b2694861f8596402409f52,gpt-6.1-sol,medium,codex-cli 0.160.0,08019d8aab7c15481f6d14126645eebd7b2c2c98025f94118baeee2167e4a300
codex__gpt-6.1-sol__medium__default__r70-4-elixir-fe2__r902,new,r70-4-elixir-fe2,elixir,902,kogen-bench-eu,pass,44287,489344,10265,543896,5ccd0bf1e816e2b2f5b2694861f8596402409f52,gpt-6.1-sol,medium,codex-cli 0.160.0,08019d8aab7c15481f6d14126645eebd7b2c2c98025f94118baeee2167e4a300
