control_cell_id,variant,task,stack,host,control_kind,phase,outcome,tests_passed/total,cause_class,task_base_commit,grader_sha256,grade_window_timestamp,status,cohort,withdrawal_reason,patch_sha256,behavior_class
admission-fixed-r70-2-go-noop-r1,r70-2-go,r70-2-go,go,kogen-bench-us,noop,test,fail,0/25,behavioral_failure,13a08875ea5e1fd0a3debc6f0b8c6b98a4b37a82,616b1d53fe6ee56376134f0cf6a9350e94b5ecb7ec5b84f46a93e3c677356416,2026-10-07T10:24:19Z,VALID,admission,,,
admission-fixed-r70-2-go-noop-r2,r70-2-go,r70-2-go,go,kogen-bench-us,noop,test,fail,0/25,behavioral_failure,13a08875ea5e1fd0a3debc6f0b8c6b98a4b37a82,616b1d53fe6ee56376134f0cf6a9350e94b5ecb7ec5b84f46a93e3c677356416,2026-10-07T10:24:19Z,VALID,admission,,,
admission-fixed-r70-2-go-reference-r1,r70-2-go,r70-2-go,go,kogen-bench-us,reference,test,pass,25/25,none,13a08875ea5e1fd0a3debc6f0b8c6b98a4b37a82,616b1d53fe6ee56376134f0cf6a9350e94b5ecb7ec5b84f46a93e3c677356416,2026-10-07T10:24:19Z,VALID,admission,,,
admission-fixed-r70-2-go-reference-r2,r70-2-go,r70-2-go,go,kogen-bench-us,reference,test,pass,25/25,none,13a08875ea5e1fd0a3debc6f0b8c6b98a4b37a82,616b1d53fe6ee56376134f0cf6a9350e94b5ecb7ec5b84f46a93e3c677356416,2026-10-07T10:24:19Z,VALID,admission,,,
admission-fixed-r70-4-go-fe2-noop-r1,r70-4-go-fe2,r70-4-go-fe2,go,kogen-bench-us,noop,test,fail,0/18,behavioral_failure,21d21a2f420a387c921f998e5b4d16efc8f80904,616b1d53fe6ee56376134f0cf6a9350e94b5ecb7ec5b84f46a93e3c677356416,2026-10-07T10:26:12Z,VALID,admission,,,
admission-fixed-r70-4-go-fe2-reference-core-fixed-frontend-r1,r70-4-go-fe2,r70-4-go-fe2,go,kogen-bench-us,skeleton-frontend,test,pass,18/18,none,21d21a2f420a387c921f998e5b4d16efc8f80904,616b1d53fe6ee56376134f0cf6a9350e94b5ecb7ec5b84f46a93e3c677356416,2026-10-07T10:26:12Z,VALID,admission,,,
admission-fixed-r70-4-go-fe2-reference-r1,r70-4-go-fe2,r70-4-go-fe2,go,kogen-bench-us,reference,test,pass,18/18,none,21d21a2f420a387c921f998e5b4d16efc8f80904,616b1d53fe6ee56376134f0cf6a9350e94b5ecb7ec5b84f46a93e3c677356416,2026-10-07T10:26:12Z,VALID,admission,,,
admission-fixed-r70-5-go-noop-r1,r70-5-go,r70-5-go,go,kogen-bench-us,noop,test,fail,0/24,behavioral_failure,e0b4a2478a17a924fcecb965b2941ca3396f49d6,616b1d53fe6ee56376134f0cf6a9350e94b5ecb7ec5b84f46a93e3c677356416,2026-10-07T10:24:19Z,VALID,admission,,,
admission-fixed-r70-5-go-noop-r2,r70-5-go,r70-5-go,go,kogen-bench-us,noop,test,fail,0/24,behavioral_failure,e0b4a2478a17a924fcecb965b2941ca3396f49d6,616b1d53fe6ee56376134f0cf6a9350e94b5ecb7ec5b84f46a93e3c677356416,2026-10-07T10:24:19Z,VALID,admission,,,
admission-fixed-r70-5-go-reference-r1,r70-5-go,r70-5-go,go,kogen-bench-us,reference,test,pass,24/24,none,e0b4a2478a17a924fcecb965b2941ca3396f49d6,616b1d53fe6ee56376134f0cf6a9350e94b5ecb7ec5b84f46a93e3c677356416,2026-10-07T10:24:19Z,VALID,admission,,,
admission-fixed-r70-5-go-reference-r2,r70-5-go,r70-5-go,go,kogen-bench-us,reference,test,pass,24/24,none,e0b4a2478a17a924fcecb965b2941ca3396f49d6,616b1d53fe6ee56376134f0cf6a9350e94b5ecb7ec5b84f46a93e3c677356416,2026-10-07T10:24:19Z,VALID,admission,,,
codex__gpt-6-luna__max__default__r70-2-elixir__r701,r70-2-elixir,r70-2-elixir,elixir,kogen-bench-eu,mutant,test,fail,21/25,behavioral_failure,470ba65c1d3c19191a2190a032cd9ebf24e71975,616b1d53fe6ee56376134f0cf6a9350e94b5ecb7ec5b84f46a93e3c677356416,2026-10-07T10:32:54Z,VALID,staged,,,
codex__gpt-6-luna__max__default__r70-2-elixir__r702,r70-2-elixir,r70-2-elixir,elixir,kogen-bench-eu,mutant,test,fail,15/25,behavioral_failure,470ba65c1d3c19191a2190a032cd9ebf24e71975,616b1d53fe6ee56376134f0cf6a9350e94b5ecb7ec5b84f46a93e3c677356416,2026-10-07T10:32:54Z,VALID,staged,,,
codex__gpt-6-luna__max__default__r70-2-elixir__r703,r70-2-elixir,r70-2-elixir,elixir,kogen-bench-eu,alternative,test,pass,25/25,none,470ba65c1d3c19191a2190a032cd9ebf24e71975,616b1d53fe6ee56376134f0cf6a9350e94b5ecb7ec5b84f46a93e3c677356416,2026-10-07T10:32:54Z,VALID,staged,,,
codex__gpt-6-luna__max__default__r70-2-go__r704,r70-2-go,r70-2-go,go,kogen-bench-us,mutant,test,fail,18/25,behavioral_failure,13a08875ea5e1fd0a3debc6f0b8c6b98a4b37a82,616b1d53fe6ee56376134f0cf6a9350e94b5ecb7ec5b84f46a93e3c677356416,2026-10-07T10:30:33Z,VALID,staged,,,
codex__gpt-6-luna__max__default__r70-2-go__r705,r70-2-go,r70-2-go,go,kogen-bench-us,mutant,test,fail,23/25,behavioral_failure,13a08875ea5e1fd0a3debc6f0b8c6b98a4b37a82,616b1d53fe6ee56376134f0cf6a9350e94b5ecb7ec5b84f46a93e3c677356416,2026-10-07T10:30:33Z,VALID,staged,,,
codex__gpt-6-luna__max__default__r70-2-go__r706,r70-2-go,r70-2-go,go,kogen-bench-us,alternative,test,pass,25/25,none,13a08875ea5e1fd0a3debc6f0b8c6b98a4b37a82,616b1d53fe6ee56376134f0cf6a9350e94b5ecb7ec5b84f46a93e3c677356416,2026-10-07T10:30:33Z,VALID,staged,,,
codex__gpt-6-luna__max__default__r70-4-elixir-fe2__r710,r70-4-elixir-fe2,r70-4-elixir-fe2,elixir,kogen-bench-eu,mutant,test,fail,17/18,behavioral_failure,5ccd0bf1e816e2b2f5b2694861f8596402409f52,616b1d53fe6ee56376134f0cf6a9350e94b5ecb7ec5b84f46a93e3c677356416,2026-10-07T10:32:54Z,VALID,staged,,,
codex__gpt-6-luna__max__default__r70-4-elixir-fe2__r711,r70-4-elixir-fe2,r70-4-elixir-fe2,elixir,kogen-bench-eu,mutant,build,fail,0/18,build_failure,5ccd0bf1e816e2b2f5b2694861f8596402409f52,616b1d53fe6ee56376134f0cf6a9350e94b5ecb7ec5b84f46a93e3c677356416,2026-10-07T10:32:54Z,VALID,staged,,,
codex__gpt-6-luna__max__default__r70-4-elixir-fe2__r712,r70-4-elixir-fe2,r70-4-elixir-fe2,elixir,kogen-bench-eu,alternative,test,pass,18/18,none,5ccd0bf1e816e2b2f5b2694861f8596402409f52,616b1d53fe6ee56376134f0cf6a9350e94b5ecb7ec5b84f46a93e3c677356416,2026-10-07T10:32:54Z,VALID,staged,,,
codex__gpt-6-luna__max__default__r70-4-go-fe2__r713,r70-4-go-fe2,r70-4-go-fe2,go,kogen-bench-us,mutant,test,fail,17/18,behavioral_failure,21d21a2f420a387c921f998e5b4d16efc8f80904,616b1d53fe6ee56376134f0cf6a9350e94b5ecb7ec5b84f46a93e3c677356416,2026-10-07T10:30:33Z,VALID,staged,,,
codex__gpt-6-luna__max__default__r70-4-go-fe2__r714,r70-4-go-fe2,r70-4-go-fe2,go,kogen-bench-us,mutant,build,fail,0/18,build_failure,21d21a2f420a387c921f998e5b4d16efc8f80904,616b1d53fe6ee56376134f0cf6a9350e94b5ecb7ec5b84f46a93e3c677356416,2026-10-07T10:30:33Z,VALID,staged,,,
codex__gpt-6-luna__max__default__r70-4-go-fe2__r715,r70-4-go-fe2,r70-4-go-fe2,go,kogen-bench-us,alternative,test,pass,18/18,none,21d21a2f420a387c921f998e5b4d16efc8f80904,616b1d53fe6ee56376134f0cf6a9350e94b5ecb7ec5b84f46a93e3c677356416,2026-10-07T10:30:33Z,VALID,staged,,,
codex__gpt-6-luna__max__default__r70-4-rust__r707,r70-4-rust,r70-4-rust,rust,kogen-bench-eu,mutant,,not_graded,NA/NA,withdrawn_before_grading,4211fe638592cc4266d25e630417c6920a544188,,,WITHDRAWN,staged,Original task-4 Rust variant was removed from all pools before scoring because its recorded failures traced to the front-end exit-code trap; these controls were not graded.,,
codex__gpt-6-luna__max__default__r70-4-rust__r708,r70-4-rust,r70-4-rust,rust,kogen-bench-eu,mutant,,not_graded,NA/NA,withdrawn_before_grading,4211fe638592cc4266d25e630417c6920a544188,,,WITHDRAWN,staged,Original task-4 Rust variant was removed from all pools before scoring because its recorded failures traced to the front-end exit-code trap; these controls were not graded.,,
codex__gpt-6-luna__max__default__r70-4-rust__r709,r70-4-rust,r70-4-rust,rust,kogen-bench-eu,alternative,,not_graded,NA/NA,withdrawn_before_grading,4211fe638592cc4266d25e630417c6920a544188,,,WITHDRAWN,staged,Original task-4 Rust variant was removed from all pools before scoring because its recorded failures traced to the front-end exit-code trap; these controls were not graded.,,
codex__gpt-6-luna__max__default__r70-4-ts-bun-fe2__r716,r70-4-ts-bun-fe2,r70-4-ts-bun-fe2,ts-bun,kogen-bench-us,mutant,test,fail,17/18,behavioral_failure,cc3a831a167020538c4ca2ad90185606a2e4ad6a,616b1d53fe6ee56376134f0cf6a9350e94b5ecb7ec5b84f46a93e3c677356416,2026-10-07T10:30:33Z,VALID,staged,,,
codex__gpt-6-luna__max__default__r70-4-ts-bun-fe2__r717,r70-4-ts-bun-fe2,r70-4-ts-bun-fe2,ts-bun,kogen-bench-us,mutant,test,fail,10/18,behavioral_failure,cc3a831a167020538c4ca2ad90185606a2e4ad6a,616b1d53fe6ee56376134f0cf6a9350e94b5ecb7ec5b84f46a93e3c677356416,2026-10-07T10:30:33Z,VALID,staged,,,
codex__gpt-6-luna__max__default__r70-4-ts-bun-fe2__r718,r70-4-ts-bun-fe2,r70-4-ts-bun-fe2,ts-bun,kogen-bench-us,alternative,test,pass,18/18,none,cc3a831a167020538c4ca2ad90185606a2e4ad6a,616b1d53fe6ee56376134f0cf6a9350e94b5ecb7ec5b84f46a93e3c677356416,2026-10-07T10:30:33Z,VALID,staged,,,
codex__gpt-6-luna__max__default__r70-5-go__r719,r70-5-go,r70-5-go,go,kogen-bench-us,mutant,test,fail,23/24,behavioral_failure,e0b4a2478a17a924fcecb965b2941ca3396f49d6,616b1d53fe6ee56376134f0cf6a9350e94b5ecb7ec5b84f46a93e3c677356416,2026-10-07T10:30:33Z,VALID,staged,,,
codex__gpt-6-luna__max__default__r70-5-go__r720,r70-5-go,r70-5-go,go,kogen-bench-us,mutant,test,fail,17/24,behavioral_failure,e0b4a2478a17a924fcecb965b2941ca3396f49d6,616b1d53fe6ee56376134f0cf6a9350e94b5ecb7ec5b84f46a93e3c677356416,2026-10-07T10:30:33Z,VALID,staged,,,
codex__gpt-6-luna__max__default__r70-5-go__r721,r70-5-go,r70-5-go,go,kogen-bench-us,alternative,test,pass,24/24,none,e0b4a2478a17a924fcecb965b2941ca3396f49d6,616b1d53fe6ee56376134f0cf6a9350e94b5ecb7ec5b84f46a93e3c677356416,2026-10-07T10:30:33Z,VALID,staged,,,
codex__gpt-6-luna__max__default__r70-7-rust__r722,r70-7-rust,r70-7-rust,rust,kogen-bench-eu,mutant,test,fail,23/24,behavioral_failure,111a0c776ae6d93f6e7fccd3fc694d5f4fa26838,616b1d53fe6ee56376134f0cf6a9350e94b5ecb7ec5b84f46a93e3c677356416,2026-10-07T10:32:54Z,VALID,staged,,,
codex__gpt-6-luna__max__default__r70-7-rust__r723,r70-7-rust,r70-7-rust,rust,kogen-bench-eu,mutant,test,fail,23/24,behavioral_failure,111a0c776ae6d93f6e7fccd3fc694d5f4fa26838,616b1d53fe6ee56376134f0cf6a9350e94b5ecb7ec5b84f46a93e3c677356416,2026-10-07T10:32:54Z,VALID,staged,,,
codex__gpt-6-luna__max__default__r70-7-rust__r724,r70-7-rust,r70-7-rust,rust,kogen-bench-eu,alternative,test,pass,24/24,none,111a0c776ae6d93f6e7fccd3fc694d5f4fa26838,616b1d53fe6ee56376134f0cf6a9350e94b5ecb7ec5b84f46a93e3c677356416,2026-10-07T10:32:54Z,VALID,staged,,,
codex__gpt-6-luna__max__default__r70-4-go-fe2__r719,r70-4-go-fe2,r70-4-go-fe2,go,kogen-bench-us,mutant,test,fail,16/18,behavioral_failure,21d21a2f420a387c921f998e5b4d16efc8f80904,73dc09afe4d8d5a90ef6222bfa815e93217131ab8dd8afe7d9f5f31cc417a6e7,2026-10-07T14:55:34Z,VALID,replacement,,,
codex__gpt-6-luna__max__default__r70-4-elixir-fe2__r720,r70-4-elixir-fe2,r70-4-elixir-fe2,elixir,kogen-bench-eu,mutant,test,fail,16/18,behavioral_failure,5ccd0bf1e816e2b2f5b2694861f8596402409f52,73dc09afe4d8d5a90ef6222bfa815e93217131ab8dd8afe7d9f5f31cc417a6e7,2026-10-07T16:40:48Z,VALID,replacement,,,
admission-fixed-r70-6-elixir-reference-r1,r70-6-elixir,r70-6-elixir,elixir,kogen-bench-eu,reference,test,pass,24/24,none,133e688d87f0392a00c164d34455cde04def28ad,0e6f8aa06dce3b42813e326a85c2248115bf95bc127449f8fb99e3929bec0843,2026-10-07T20:37:00Z,VALID,l1-eu,,,
admission-fixed-r70-6-elixir-noop-r1,r70-6-elixir,r70-6-elixir,elixir,kogen-bench-eu,noop,test,fail,0/24,behavioral_failure,133e688d87f0392a00c164d34455cde04def28ad,0e6f8aa06dce3b42813e326a85c2248115bf95bc127449f8fb99e3929bec0843,2026-10-07T20:38:16Z,VALID,l1-eu,,,
admission-fixed-r70-6-elixir-reference-r2,r70-6-elixir,r70-6-elixir,elixir,kogen-bench-eu,reference,test,pass,24/24,none,133e688d87f0392a00c164d34455cde04def28ad,0e6f8aa06dce3b42813e326a85c2248115bf95bc127449f8fb99e3929bec0843,2026-10-07T20:39:32Z,VALID,l1-eu,,,
admission-fixed-r70-6-elixir-noop-r2,r70-6-elixir,r70-6-elixir,elixir,kogen-bench-eu,noop,test,fail,0/24,behavioral_failure,133e688d87f0392a00c164d34455cde04def28ad,0e6f8aa06dce3b42813e326a85c2248115bf95bc127449f8fb99e3929bec0843,2026-10-07T20:40:48Z,VALID,l1-eu,,,
codex__gpt-6-luna__max__default__r70-6-elixir__r730,r70-6-elixir,r70-6-elixir,elixir,kogen-bench-eu,mutant,test,pass,24/24,none,133e688d87f0392a00c164d34455cde04def28ad,0e6f8aa06dce3b42813e326a85c2248115bf95bc127449f8fb99e3929bec0843,2026-10-07T20:42:58Z,VALID,l1-eu,,a7098c0191e08eedc35e062bd7122c9e3c0b157856e7590cd6c9dc301ecf4981,Event IDs longer than the specified limit are accepted.
codex__gpt-6-luna__max__default__r70-6-elixir__r731,r70-6-elixir,r70-6-elixir,elixir,kogen-bench-eu,mutant,test,pass,24/24,none,133e688d87f0392a00c164d34455cde04def28ad,0e6f8aa06dce3b42813e326a85c2248115bf95bc127449f8fb99e3929bec0843,2026-10-07T20:44:13Z,VALID,l1-eu,,f0aadd52c1dc42f068476927d2201912fa7aaa2f260ef917f81f92848313e218,Job slugs longer than the specified limit are accepted.
codex__gpt-6-luna__max__default__r70-6-elixir__r732,r70-6-elixir,r70-6-elixir,elixir,kogen-bench-eu,alternative,test,pass,24/24,none,133e688d87f0392a00c164d34455cde04def28ad,0e6f8aa06dce3b42813e326a85c2248115bf95bc127449f8fb99e3929bec0843,2026-10-07T20:45:28Z,VALID,l1-eu,,cba3ae7bca030c3741416ba022b2a20dac88a607ec576d7c2f3d4c11c687a4e3,Behavior-equivalent alternative implementation.
codex__gpt-6-luna__max__default__r70-7-elixir__r733,r70-7-elixir,r70-7-elixir,elixir,kogen-bench-eu,mutant,test,fail,23/24,behavioral_failure,c1899948806e61033520431b9e4d8749c72074d1,0e6f8aa06dce3b42813e326a85c2248115bf95bc127449f8fb99e3929bec0843,2026-10-07T20:46:43Z,VALID,l1-eu,,b0f3e4fd6d189c556a521a5e730dc77d95e3c8c8234af6c1efa652caa127c818,Scale parsing accepts values above the specified ceiling.
codex__gpt-6-luna__max__default__r70-7-elixir__r734,r70-7-elixir,r70-7-elixir,elixir,kogen-bench-eu,mutant,test,fail,23/24,behavioral_failure,c1899948806e61033520431b9e4d8749c72074d1,0e6f8aa06dce3b42813e326a85c2248115bf95bc127449f8fb99e3929bec0843,2026-10-07T20:48:11Z,VALID,l1-eu,,a72692f3eb6686acd0ce1b87bba70d894de6f6b9fe024e320f5bd59ea08f021b,Status IDs may begin with uppercase letters.
codex__gpt-6-luna__max__default__r70-7-elixir__r735,r70-7-elixir,r70-7-elixir,elixir,kogen-bench-eu,alternative,test,pass,24/24,none,c1899948806e61033520431b9e4d8749c72074d1,0e6f8aa06dce3b42813e326a85c2248115bf95bc127449f8fb99e3929bec0843,2026-10-07T20:49:39Z,VALID,l1-eu,,0cc7c063795b669918bb4579231c6ae7421609166a81dcf3bec926f91aacc40d,Behavior-equivalent alternative implementation.
