blind_id,model,effort,verdict,reason_class,uncached_input_tokens,cached_input_tokens,output_tokens,total_tokens,malformed,call_status,tool_events,cli_version
C01,gpt-6-luna,max,allow,none,16575,0,3160,19735,0,complete,0,codex-cli 0.160.1
C02,gpt-6-luna,max,veto,contradiction,18907,0,6293,25200,0,complete,0,codex-cli 0.160.1
C03,gpt-6-luna,max,allow,none,12561,5888,3674,22123,0,complete,0,codex-cli 0.160.1
C04,gpt-6-luna,max,veto,missing_requirement,14987,1792,5445,22224,0,complete,0,codex-cli 0.160.1
C05,gpt-6-luna,max,veto,missing_requirement,7003,9984,3173,20160,0,complete,0,codex-cli 0.160.1
C06,gpt-6-luna,max,veto,missing_requirement,15520,0,2506,18026,0,complete,0,codex-cli 0.160.1
C07,gpt-6-luna,max,allow,none,10763,5888,3377,20028,0,complete,0,codex-cli 0.160.1
C08,gpt-6-luna,max,veto,contradiction,13380,9984,5352,28716,0,complete,0,codex-cli 0.160.1
C09,gpt-6-luna,max,allow,none,17162,0,4012,21174,0,complete,0,codex-cli 0.160.1
C10,gpt-6-luna,max,veto,missing_requirement,14881,0,1985,16866,0,complete,0,codex-cli 0.160.1
C11,gpt-6-luna,max,allow,none,16593,0,1858,18451,0,complete,0,codex-cli 0.160.1
C12,gpt-6-luna,max,veto,unsupported_behavior,14582,0,4822,19404,0,complete,0,codex-cli 0.160.1
C13,gpt-6-luna,max,allow,none,5547,9984,3139,18670,0,complete,0,codex-cli 0.160.1
C14,gpt-6-luna,max,veto,scope_violation,14539,0,3617,18156,0,complete,0,codex-cli 0.160.1
C15,gpt-6-luna,max,allow,none,6026,9984,3172,19182,0,complete,0,codex-cli 0.160.1
C16,gpt-6-luna,max,allow,none,15782,0,3139,18921,0,complete,0,codex-cli 0.160.1
C17,gpt-6-luna,max,allow,none,5895,9984,2491,18370,0,complete,0,codex-cli 0.160.1
C18,gpt-6-luna,max,veto,contradiction,9365,9984,6786,26135,0,complete,0,codex-cli 0.160.1
C19,gpt-6-luna,max,,,,,,,1,timeout_usage_missing,0,codex-cli 0.160.1
C20,gpt-6-luna,max,allow,none,5862,9984,3062,18908,0,complete,0,codex-cli 0.160.1
C21,gpt-6-luna,max,allow,none,7621,9984,3056,20661,0,complete,0,codex-cli 0.160.1
C22,gpt-6-luna,max,veto,contradiction,4775,9984,3693,18452,0,complete,0,codex-cli 0.160.1
C23,gpt-6-luna,max,allow,none,6772,9984,3678,20434,0,complete,0,codex-cli 0.160.1
C24,gpt-6-luna,max,allow,none,7483,9984,4432,21899,0,complete,0,codex-cli 0.160.1
C25,gpt-6-luna,max,allow,none,7005,9984,5043,22032,0,complete,0,codex-cli 0.160.1
C26,gpt-6-luna,max,allow,none,5073,9984,6569,21626,0,complete,0,codex-cli 0.160.1
C27,gpt-6-luna,max,veto,contradiction,14911,0,4729,19640,0,complete,0,codex-cli 0.160.1
C28,gpt-6-luna,max,veto,missing_requirement,6906,9984,7197,24087,0,complete,0,codex-cli 0.160.1
C29,gpt-6-luna,max,allow,none,7926,9984,4035,21945,0,complete,0,codex-cli 0.160.1
C30,gpt-6-luna,max,allow,none,16900,0,3138,20038,0,complete,0,codex-cli 0.160.1
C31,gpt-6-luna,max,veto,missing_requirement,18624,0,5922,24546,0,complete,0,codex-cli 0.160.1
C32,gpt-6-luna,max,allow,none,6980,9984,2186,19150,0,complete,0,codex-cli 0.160.1
C33,gpt-6-luna,max,allow,none,10057,5888,3571,19516,0,complete,0,codex-cli 0.160.1
C34,gpt-6-luna,max,veto,unsupported_behavior,15649,9984,4217,29850,0,complete,0,codex-cli 0.160.1
C35,gpt-6-luna,max,veto,contradiction,18193,0,3379,21572,0,complete,0,codex-cli 0.160.1
C36,gpt-6-luna,max,allow,none,12973,9984,12293,35250,0,complete,0,codex-cli 0.160.1
C37,gpt-6-luna,max,allow,none,6498,9984,3592,20074,0,complete,0,codex-cli 0.160.1
C38,gpt-6-luna,max,allow,none,5739,9984,4803,20526,0,complete,0,codex-cli 0.160.1
C39,gpt-6-luna,max,allow,none,6900,9984,1970,18854,0,complete,0,codex-cli 0.160.1
C40,gpt-6-luna,max,veto,missing_requirement,13501,9984,6581,30066,0,complete,0,codex-cli 0.160.1
C01,gpt-6-sol,low,veto,contradiction,6510,10240,157,16907,0,complete,0,codex-cli 0.160.1
C02,gpt-6-sol,low,allow,none,8048,10240,572,18860,0,complete,0,codex-cli 0.160.1
C03,gpt-6-sol,low,allow,none,17828,0,281,18109,0,complete,0,codex-cli 0.160.1
C04,gpt-6-sol,low,veto,missing_requirement,6716,10240,185,17141,0,complete,0,codex-cli 0.160.1
C05,gpt-6-sol,low,allow,none,7722,10240,453,18415,0,complete,0,codex-cli 0.160.1
C06,gpt-6-sol,low,allow,none,3947,12544,118,16609,0,complete,0,codex-cli 0.160.1
C07,gpt-6-sol,low,allow,none,17624,0,204,17828,0,complete,0,codex-cli 0.160.1
C08,gpt-6-sol,low,allow,none,11791,12544,511,24846,0,complete,0,codex-cli 0.160.1
C09,gpt-6-sol,low,allow,none,17341,0,253,17594,0,complete,0,codex-cli 0.160.1
C10,gpt-6-sol,low,veto,contradiction,4820,10240,323,15383,0,complete,0,codex-cli 0.160.1
C11,gpt-6-sol,low,allow,none,6532,10240,294,17066,0,complete,0,codex-cli 0.160.1
C12,gpt-6-sol,low,allow,none,14755,0,575,15330,0,complete,0,codex-cli 0.160.1
C13,gpt-6-sol,low,allow,none,5472,10240,435,16147,0,complete,0,codex-cli 0.160.1
C14,gpt-6-sol,low,veto,missing_requirement,4482,10240,319,15041,0,complete,0,codex-cli 0.160.1
C15,gpt-6-sol,low,allow,uncertain,16187,0,264,16451,0,complete,0,codex-cli 0.160.1
C16,gpt-6-sol,low,allow,none,5723,10240,275,16238,0,complete,0,codex-cli 0.160.1
C17,gpt-6-sol,low,allow,none,16054,0,470,16524,0,complete,0,codex-cli 0.160.1
C18,gpt-6-sol,low,veto,contradiction,9286,10240,682,20208,0,complete,0,codex-cli 0.160.1
C19,gpt-6-sol,low,veto,contradiction,13351,10240,201,23792,0,complete,0,codex-cli 0.160.1
C20,gpt-6-sol,low,allow,none,5785,10240,322,16347,0,complete,0,codex-cli 0.160.1
C21,gpt-6-sol,low,allow,none,7548,10240,172,17960,0,complete,0,codex-cli 0.160.1
C22,gpt-6-sol,low,veto,contradiction,4700,10240,560,15500,0,complete,0,codex-cli 0.160.1
C23,gpt-6-sol,low,veto,contradiction,6697,10240,212,17149,0,complete,0,codex-cli 0.160.1
C24,gpt-6-sol,low,veto,contradiction,7406,10240,228,17874,0,complete,0,codex-cli 0.160.1
C25,gpt-6-sol,low,veto,contradiction,6928,10240,175,17343,0,complete,0,codex-cli 0.160.1
C26,gpt-6-sol,low,allow,none,4994,10240,494,15728,0,complete,0,codex-cli 0.160.1
C27,gpt-6-sol,low,veto,missing_requirement,4850,10240,74,15164,0,complete,0,codex-cli 0.160.1
C28,gpt-6-sol,low,allow,none,17065,0,247,17312,0,complete,0,codex-cli 0.160.1
C29,gpt-6-sol,low,allow,none,7849,10240,293,18382,0,complete,0,codex-cli 0.160.1
C30,gpt-6-sol,low,allow,none,6837,10240,203,17280,0,complete,0,codex-cli 0.160.1
C31,gpt-6-sol,low,veto,contradiction,8563,10240,591,19394,0,complete,0,codex-cli 0.160.1
C32,gpt-6-sol,low,allow,none,17147,0,160,17307,0,complete,0,codex-cli 0.160.1
C33,gpt-6-sol,low,allow,none,5882,10240,163,16285,0,complete,0,codex-cli 0.160.1
C34,gpt-6-sol,low,veto,contradiction,15572,10240,146,25958,0,complete,0,codex-cli 0.160.1
C35,gpt-6-sol,low,allow,none,8132,10240,199,18571,0,complete,0,codex-cli 0.160.1
C36,gpt-6-sol,low,veto,contradiction,12894,10240,388,23522,0,complete,0,codex-cli 0.160.1
C37,gpt-6-sol,low,veto,missing_requirement,17459,0,298,17757,0,complete,0,codex-cli 0.160.1
C38,gpt-6-sol,low,allow,none,16696,0,306,17002,0,complete,0,codex-cli 0.160.1
C39,gpt-6-sol,low,allow,none,17859,0,140,17999,0,complete,0,codex-cli 0.160.1
C40,gpt-6-sol,low,allow,none,24466,0,891,25357,0,complete,0,codex-cli 0.160.1
