blind_id,cell_id,task_id,outcome,small_diff_le_250_lines
C01,codex__gpt-6-luna__max__default__r70-7-rust__r31,r70-7-rust,fail,0
C02,codex__gpt-6-luna__max__default__r70-2-elixir__r31,r70-2-elixir,fail,0
C03,codex__gpt-6.1-sol__medium__default__r70-5-elixir__r3,r70-5-elixir,pass,0
C04,codex__gpt-6-luna__max__default__r70-1-go__r16,r70-1-go,fail,0
C05,codex__gpt-6-luna__max__default__r70-1-ts-bun__r16,r70-1-ts-bun,pass,0
C06,codex__gpt-6-luna__max__default__r70-7-ts-bun__r3,r70-7-ts-bun,pass,1
C07,codex__gpt-6.1-sol__medium__default__r70-6-elixir__r3,r70-6-elixir,fail,0
C08,codex__gpt-6-luna__max__default__r70-8-rust__r90,r70-8-rust,fail,0
C09,codex__gpt-6.1-sol__medium__default__r70-6-gleam__r4,r70-6-gleam,fail,0
C10,codex__gpt-6-luna__max__default__r70-2-ts-bun__r31,r70-2-ts-bun,pass,1
C11,codex__gpt-6.1-sol__medium__default__r70-6-elixir__r1,r70-6-elixir,fail,0
C12,codex__gpt-6-luna__max__default__r70-4-ts-bun-fe2__r9,r70-4-ts-bun-fe2,fail,1
C13,codex__gpt-6-luna__max__default__r70-6-elixir__r1,r70-6-elixir,pass,0
C14,codex__gpt-6-luna__max__default__r70-4-elixir-fe2__r9,r70-4-elixir-fe2,fail,1
C15,codex__gpt-6-luna__max__default__r70-5-ts-bun__r31,r70-5-ts-bun,pass,0
C16,codex__gpt-6-luna__max__default__r70-6-go__r1,r70-6-go,pass,0
C17,codex__gpt-6-luna__max__default__r70-4-rust__r13,r70-4-rust,fail,0
C18,codex__gpt-6-luna__max__default__r70-2-elixir__r32,r70-2-elixir,pass,0
C19,codex__gpt-6-luna__max__default__r70-3-rust__r14,r70-3-rust,pass,0
C20,codex__gpt-6-luna__max__default__r70-6-go__r2,r70-6-go,pass,0
C21,codex__gpt-6-luna__max__default__r70-7-gleam__r1,r70-7-gleam,pass,0
C22,codex__gpt-6-luna__max__default__r70-4-go__r20,r70-4-go,fail,1
C23,codex__gpt-6-luna__max__default__r70-5-go__r1,r70-5-go,fail,0
C24,codex__gpt-6-luna__max__default__r70-5-gleam__r3,r70-5-gleam,fail,0
C25,codex__gpt-6-luna__max__default__r70-5-go__r32,r70-5-go,fail,0
C26,codex__gpt-6-luna__max__default__r70-4-ts-bun__r23,r70-4-ts-bun,fail,0
C27,codex__gpt-6-luna__max__default__r70-4-go__r19,r70-4-go,pass,0
C28,codex__gpt-6-luna__max__default__r70-6-ts-bun__r1,r70-6-ts-bun,pass,0
C29,codex__gpt-6.1-sol__medium__default__r70-5-rust__r2,r70-5-rust,pass,0
C30,codex__gpt-6.1-sol__medium__default__r70-5-gleam__r1,r70-5-gleam,pass,0
C31,codex__gpt-6-luna__max__default__r70-1-elixir__r6,r70-1-elixir,fail,0
C32,codex__gpt-6-luna__max__default__r70-7-gleam__r3,r70-7-gleam,pass,0
C33,codex__gpt-6.1-sol__medium__default__r70-6-rust__r2,r70-6-rust,pass,0
C34,codex__gpt-6-luna__max__default__r70-8-go-v2__r1,r70-8-go-v2,fail,0
C35,codex__gpt-6.1-sol__medium__default__r70-5-go__r1,r70-5-go,pass,0
C36,codex__gpt-6-luna__max__default__r70-3-elixir__r7,r70-3-elixir,fail,0
C37,codex__gpt-6-luna__max__default__r70-5-ts-bun__r1,r70-5-ts-bun,pass,0
C38,codex__gpt-6-luna__max__default__r70-4-ts-bun-fe2__r10,r70-4-ts-bun-fe2,pass,0
C39,codex__gpt-6-luna__max__default__r70-7-elixir__r31,r70-7-elixir,fail,0
C40,codex__gpt-6-luna__max__default__r70-8-rust-v2__r1,r70-8-rust-v2,fail,0
