cell_id,original_failure_cell_id,arm,outcome,tests_passed,tests_total,patch_sha256,started_at,finished_at,uncached_input_tokens,cached_input_tokens,output_tokens,total_tokens,wall_s
codex__gpt-6-luna__max__default__r70-2-elixir-l3b33r__r9004,codex__gpt-6-luna__max__default__r70-2-elixir__r33,REPAIR,fail,21,25,d1b79a381c4f526b4b4cdb0c6d3526d417245e856414653706e1c2ed721e3f89,2026-10-08T05:08:28.922+00:00,2026-10-08T05:24:30.762+00:00,188958,8343808,75918,8608684,947.088
codex__gpt-6-luna__max__default__r70-2-elixir-l3b33c__r9005,codex__gpt-6-luna__max__default__r70-2-elixir__r33,CONTINUE,fail,21,25,d1b79a381c4f526b4b4cdb0c6d3526d417245e856414653706e1c2ed721e3f89,2026-10-08T05:35:23.092+00:00,2026-10-08T05:41:12.534+00:00,53598,570368,25639,649605,334.672
codex__gpt-6-luna__max__default__r70-2-elixir__r9003,codex__gpt-6-luna__max__default__r70-2-elixir__r33,RESTART,pass,25,25,,2026-10-08T04:16:32.244+00:00,2026-10-08T04:29:27.619+00:00,133454,2858752,58736,3050942,760.47
codex__gpt-6-luna__max__default__r70-2-go-l3b32r__r9007,codex__gpt-6-luna__max__default__r70-2-go__r32,REPAIR,fail,21,25,44995e2f56574eaa2c94c15eb76d88a06ba458d8f4b10b030f28af1bf629c1c3,2026-10-08T04:28:02.873+00:00,2026-10-08T04:34:01.673+00:00,65034,900352,34866,1000252,351.479
codex__gpt-6-luna__max__default__r70-2-go-l3b32c__r9008,codex__gpt-6-luna__max__default__r70-2-go__r32,CONTINUE,fail,21,25,44995e2f56574eaa2c94c15eb76d88a06ba458d8f4b10b030f28af1bf629c1c3,2026-10-08T04:22:38.838+00:00,2026-10-08T04:25:30.404+00:00,30198,331776,14919,376893,164.337
codex__gpt-6-luna__max__default__r70-2-go__r9006,codex__gpt-6-luna__max__default__r70-2-go__r32,RESTART,fail,21,25,,2026-10-08T04:10:38.804+00:00,2026-10-08T04:13:52.872+00:00,50381,212992,17515,280888,186.926
codex__gpt-6-luna__max__default__r70-4-elixir-fe2-l3b9r__r9010,codex__gpt-6-luna__max__default__r70-4-elixir-fe2__r9,REPAIR,fail,17,18,9e6c42031d4716aadff5283855b92ac8222404b4621560decfc7661fbfcf11da,2026-10-08T04:10:35.451+00:00,2026-10-08T04:16:29.204+00:00,95642,947712,24276,1067630,338.766
codex__gpt-6-luna__max__default__r70-4-elixir-fe2-l3b9c__r9011,codex__gpt-6-luna__max__default__r70-4-elixir-fe2__r9,CONTINUE,fail,17,18,9e6c42031d4716aadff5283855b92ac8222404b4621560decfc7661fbfcf11da,2026-10-08T05:33:05.065+00:00,2026-10-08T05:35:20.353+00:00,22071,221696,7497,251264,120.759
codex__gpt-6-luna__max__default__r70-4-elixir-fe2__r9009,codex__gpt-6-luna__max__default__r70-4-elixir-fe2__r9,RESTART,fail,17,18,,2026-10-08T04:33:04.574+00:00,2026-10-08T04:37:14.628+00:00,48617,403200,18321,470138,235.39
codex__gpt-6-luna__max__default__r70-4-elixir-fe2-l3b10r__r9013,codex__gpt-6-luna__max__default__r70-4-elixir-fe2__r10,REPAIR,fail,17,18,f85028bdb5082885b678f7577f23f77cdca74b16f347d5164ef6c4327580fc09,2026-10-08T04:46:19.011+00:00,2026-10-08T04:52:50.330+00:00,129425,1950976,34112,2114513,376.476
codex__gpt-6-luna__max__default__r70-4-elixir-fe2-l3b10c__r9014,codex__gpt-6-luna__max__default__r70-4-elixir-fe2__r10,CONTINUE,fail,17,18,f85028bdb5082885b678f7577f23f77cdca74b16f347d5164ef6c4327580fc09,2026-10-08T04:40:46.918+00:00,2026-10-08T04:45:26.457+00:00,47549,556032,17195,620776,264.68
codex__gpt-6-luna__max__default__r70-4-elixir-fe2__r9012,codex__gpt-6-luna__max__default__r70-4-elixir-fe2__r10,RESTART,fail,17,18,,2026-10-08T05:41:14.120+00:00,2026-10-08T05:46:24.775+00:00,57274,669696,27266,754236,295.98
codex__gpt-6-luna__max__default__r70-4-elixir-fe2-l3b13r__r9016,codex__gpt-6-luna__max__default__r70-4-elixir-fe2__r13,REPAIR,fail,17,18,57c2437118828a5723b658ab7a38430127c888657b65d3762303f305ae29ead3,2026-10-08T03:32:22.354+00:00,2026-10-08T03:38:19.395+00:00,70238,1262080,28653,1360971,341.955
codex__gpt-6-luna__max__default__r70-4-elixir-fe2-l3b13c__r9017,codex__gpt-6-luna__max__default__r70-4-elixir-fe2__r13,CONTINUE,fail,17,18,57c2437118828a5723b658ab7a38430127c888657b65d3762303f305ae29ead3,2026-10-08T05:05:13.904+00:00,2026-10-08T05:08:27.385+00:00,41380,203776,11635,256791,178.812
codex__gpt-6-luna__max__default__r70-4-elixir-fe2__r9015,codex__gpt-6-luna__max__default__r70-4-elixir-fe2__r13,RESTART,fail,17,18,,2026-10-08T05:24:31.997+00:00,2026-10-08T05:29:12.139+00:00,36934,380416,16988,434338,265.299
codex__gpt-6-luna__max__default__r70-4-ts-bun-fe2-l3b9r__r9019,codex__gpt-6-luna__max__default__r70-4-ts-bun-fe2__r9,REPAIR,pass,18,18,eaed02b9e5c7cf04714145c224ea16687f45023112ac0fad0aae7d3cfb3272e5,2026-10-08T04:13:53.820+00:00,2026-10-08T04:20:24.438+00:00,136239,2039040,40064,2215343,389.022
codex__gpt-6-luna__max__default__r70-4-ts-bun-fe2-l3b9c__r9020,codex__gpt-6-luna__max__default__r70-4-ts-bun-fe2__r9,CONTINUE,pass,18,18,eaed02b9e5c7cf04714145c224ea16687f45023112ac0fad0aae7d3cfb3272e5,2026-10-08T03:37:24.495+00:00,2026-10-08T03:41:36.057+00:00,55769,515840,24569,596178,250.208
codex__gpt-6-luna__max__default__r70-4-ts-bun-fe2__r9018,codex__gpt-6-luna__max__default__r70-4-ts-bun-fe2__r9,RESTART,pass,18,18,,2026-10-08T03:32:24.577+00:00,2026-10-08T03:37:23.281+00:00,65662,677120,31788,774570,297.295
codex__gpt-6-luna__max__default__r70-5-go-l3b32r__r9022,codex__gpt-6-luna__max__default__r70-5-go__r32,REPAIR,pass,24,24,87b9707bc9d8728c14079e9e95872574d59513cd85d1b8720ba222a6c9483183,2026-10-08T04:34:02.899+00:00,2026-10-08T04:38:25.242+00:00,55794,692480,25028,773302,255.329
codex__gpt-6-luna__max__default__r70-5-go-l3b32c__r9023,codex__gpt-6-luna__max__default__r70-5-go__r32,CONTINUE,fail,23,24,87b9707bc9d8728c14079e9e95872574d59513cd85d1b8720ba222a6c9483183,2026-10-08T04:20:26.830+00:00,2026-10-08T04:22:38.118+00:00,18186,165376,9789,193351,124.142
codex__gpt-6-luna__max__default__r70-5-go__r9021,codex__gpt-6-luna__max__default__r70-5-go__r32,RESTART,fail,10,24,,2026-10-08T04:25:32.856+00:00,2026-10-08T04:27:59.630+00:00,30032,289280,17394,336706,139.895
codex__gpt-6-luna__max__default__r70-7-rust-l3b31r__r9025,codex__gpt-6-luna__max__default__r70-7-rust__r31,REPAIR,pass,24,24,a1e123612f79ae599035f01085462c6941473bf21df7593f7a82bed682119536,2026-10-08T05:29:14.085+00:00,2026-10-08T05:33:02.803+00:00,55142,548352,25462,628956,227.321
codex__gpt-6-luna__max__default__r70-7-rust-l3b31c__r9026,codex__gpt-6-luna__max__default__r70-7-rust__r31,CONTINUE,fail,23,24,a1e123612f79ae599035f01085462c6941473bf21df7593f7a82bed682119536,2026-10-08T05:46:26.170+00:00,2026-10-08T05:47:42.188+00:00,19476,61184,7115,87775,74.689
codex__gpt-6-luna__max__default__r70-7-rust__r9024,codex__gpt-6-luna__max__default__r70-7-rust__r31,RESTART,fail,23,24,,2026-10-08T04:56:37.279+00:00,2026-10-08T04:58:26.917+00:00,29109,251392,12507,293008,107.659
