kind,pair_index,task_id,stack,host,original_cell_id,original_passed,original_total,repair_cell_id,repair_outcome,repair_passed,repair_total,wall_s,uncached_input_tokens,cached_input_tokens,output_tokens,total_tokens,other_base_passes,other_base_n,original_base_commit_sha,variant_base_commit_sha,runner_version,codex_cli_version,process_step,details
pair,1,r70-2-elixir-l3r31,elixir,kogen-bench-eu,codex__gpt-6-luna__max__default__r70-2-elixir__r31,24,25,codex__gpt-6-luna__max__default__r70-2-elixir-l3r31__r1,pass,25,25,1435.708,145573,4334848,71901,4552322,1,2,470ba65c1d3c19191a2190a032cd9ebf24e71975,5c5727999486d1c783a704121a182165422d443e,3.14.7,0.160.0,,
pair,2,r70-2-elixir-l3r33,elixir,kogen-bench-eu,codex__gpt-6-luna__max__default__r70-2-elixir__r33,21,25,codex__gpt-6-luna__max__default__r70-2-elixir-l3r33__r1,fail,21,25,2753.349,384209,9389568,113206,9886983,1,2,470ba65c1d3c19191a2190a032cd9ebf24e71975,bcf8ab895355cfe822b08d187373dbc6faccb36c,3.14.7,0.160.0,,
pair,3,r70-2-go-l3r32,go,kogen-bench-us,codex__gpt-6-luna__max__default__r70-2-go__r32,21,25,codex__gpt-6-luna__max__default__r70-2-go-l3r32__r1,fail,21,25,1020.239,121775,2307072,50768,2479615,2,2,13a08875ea5e1fd0a3debc6f0b8c6b98a4b37a82,a25ca44fcd42ac0f98b47de2361517171775480a,3.14.7,0.160.0,,
pair,4,r70-5-go-l3r1,go,kogen-bench-us,codex__gpt-6-luna__max__default__r70-5-go__r1,23,24,codex__gpt-6-luna__max__default__r70-5-go-l3r1__r1,fail,23,24,489.475,76408,503808,24511,604727,5,6,e0b4a2478a17a924fcecb965b2941ca3396f49d6,aade0efcbc2a6c592bf0c22ea84f82405c369d5b,3.14.7,0.160.0,,
pair,5,r70-5-go-l3r32,go,kogen-bench-us,codex__gpt-6-luna__max__default__r70-5-go__r32,23,24,codex__gpt-6-luna__max__default__r70-5-go-l3r32__r1,pass,24,24,232.210,72800,931584,23072,1027456,5,6,e0b4a2478a17a924fcecb965b2941ca3396f49d6,54091c79f09540e6d773be15dcc54df6232a48d8,3.14.7,0.160.0,,
pair,6,r70-7-rust-l3r31,rust,kogen-bench-eu,codex__gpt-6-luna__max__default__r70-7-rust__r31,23,24,codex__gpt-6-luna__max__default__r70-7-rust-l3r31__r1,fail,23,24,471.463,80040,409600,24696,514336,5,5,111a0c776ae6d93f6e7fccd3fc694d5f4fa26838,ec773802393fe9d7cd19e493a5e749809470cb03,3.14.7,0.160.0,,
process,,,,,,,,,,,,,,,,,,,,,,,controls_attempt_1,"Invalid: reference controls passed, while no-op controls were infrastructure-invalid because deployed variant skeletons lacked repository history."
process,,,,,,,,,,,,,,,,,,,,,,,control_deployment_fix,"The lane-local deployer was corrected to preserve repository history; stray prepared skeletons were archived, hosts cleaned and redeployed, and variant base archives verified."
process,,,,,,,,,,,,,,,,,,,,,,,controls_attempt_2,Valid: every reference passed and each no-op reproduced its paired original pass count.
process,,,,,,,,,,,,,,,,,,,,,,,first_repair_attempt_1,Voided before any model call after a runner workdir error.
process,,,,,,,,,,,,,,,,,,,,,,,task_record_deployment_fix,Task records were corrected to point to each variant skeleton; the host variants were redeployed.
process,,,,,,,,,,,,,,,,,,,,,,,official_release_sequence,Official grades were returned through the MacBook-driven official grade window (route r70-macbook-window-v1); the first repair received its clean grade before the next release gate.
