round_id,cell_id,cell_id_missing_code,task,language,model,effort,rep,host,full_pass,tests_passed,tests_total,timeout,gate_fail,wall_s,uncached_input,cached_input,output,reasoning
core4-pilots,,m52,c4-1,go,gpt-6-luna,max,pilot,host-eu,True,29,29,False,False,630.0,1778269,1678080,61567,43060
core4-pilots,,m52,c4-1,rust,gpt-6-luna,max,pilot,host-eu,False,28,29,False,False,708.0,2017450,1900544,67250,46302
core4-pilots,,m52,c4-1,ts-bun,gpt-6-luna,max,pilot,host-eu,True,29,29,False,False,750.0,2608566,2499840,65750,48906
core4-pilots,,m52,c4-2,go,gpt-6-luna,max,pilot,host-eu,True,29,29,False,False,462.0,1027746,950272,42321,29137
core4-pilots,,m52,c4-2,rust,gpt-6-luna,max,pilot,host-eu,True,29,29,False,False,528.0,2005624,1902336,47183,31515
core4-pilots,,m52,c4-2,ts-bun,gpt-6-luna,max,pilot,host-eu,True,29,29,False,False,360.0,889567,820480,32444,22161
core4-pilots,,m52,c4-3,go,gpt-6-luna,max,pilot,host-us,False,27,28,False,False,588.0,1603884,1513728,55069,39628
core4-pilots,,m52,c4-3,rust,gpt-6-luna,max,pilot,host-us,True,28,28,False,False,582.0,3013832,2835456,51118,33070
core4-pilots,,m52,c4-3,ts-bun,gpt-6-luna,max,pilot,host-us,True,28,28,False,False,462.0,1731012,1647104,39026,27259
core4-pilots,,m52,c4-4,go,gpt-6-luna,max,pilot,host-us,True,30,30,False,False,372.0,626034,559872,34077,21655
core4-pilots,,m52,c4-4,rust,gpt-6-luna,max,pilot,host-us,True,30,30,False,False,270.0,777360,726784,29172,15033
core4-pilots,,m52,c4-4,ts-bun,gpt-6-luna,max,pilot,host-us,True,30,30,False,False,432.0,1863996,1786880,37789,22940
